0.0,-0.0,-0.0003
0.1,-0.0002,-0.0003
0.2,-0.001,-0.0003
0.3,-0.0025,-0.0003
0.4,-0.006,-0.0003
0.5,-0.0094,-0.0003
0.6,-0.0144,-0.0003
0.7,-0.0193,-0.0003
0.8,-0.0245,-0.0003
0.9,-0.0298,-0.0003
1.0,-0.0358,-0.0003
1.1,-0.0418,-0.0003
1.2,-0.0467,-0.0003
1.3,-0.0513,-0.0003
1.4,-0.0565,-0.0003
1.5,-0.0618,-0.0003
1.6,-0.0661,-0.0003
1.7,-0.0704,-0.0003
1.8,-0.0755,-0.0003
1.9,-0.0807,-0.0003
2.0,-0.0861,-0.0003
2.1,-0.0916,-0.0003
2.2,-0.0965,-0.0003
2.3,-0.1011,-0.0003
2.4,-0.1062,-0.0003
2.5,-0.1119,-0.0004
2.6,-0.1168,-0.0004
2.7,-0.1209,-0.0004
2.8,-0.1256,-0.0004
2.9,-0.1309,-0.0004
3.0,-0.136,-0.0004
3.1,-0.1416,-0.0004
3.2,-0.1468,-0.0004
3.3,-0.1514,-0.0004
3.4,-0.1561,-0.0004
3.5,-0.1614,-0.0004
3.6,-0.1665,-0.0004
3.7,-0.1709,-0.0004
3.8,-0.1753,-0.0004
3.9,-0.1806,-0.0004
4.0,-0.1859,-0.0004
4.1,-0.1915,-0.0004
4.2,-0.197,-0.0004
4.3,-0.2018,-0.0004
4.4,-0.2063,-0.0004
4.5,-0.2113,-0.0004
4.6,-0.2169,-0.0004
4.7,-0.2216,-0.0004
4.8,-0.2257,-0.0005
4.9,-0.2308,-0.0005
5.0,-0.2363,-0.0005
5.1,-0.2416,-0.0005
5.2,-0.2469,-0.0005
5.3,-0.2518,-0.0005
5.4,-0.2563,-0.0005
5.5,-0.2612,-0.0005
5.6,-0.267,-0.0005
5.7,-0.272,-0.0005
5.8,-0.2761,-0.0005
5.9,-0.2808,-0.0005
6.0,-0.2861,-0.0005
6.1,-0.2909,-0.0005
6.2,-0.2962,-0.0005
6.3,-0.3017,-0.0005
6.4,-0.3066,-0.0005
6.5,-0.3112,-0.0005
6.6,-0.3163,-0.0005
6.7,-0.3217,-0.0005
6.8,-0.3262,-0.0005
6.9,-0.3304,-0.0005
7.0,-0.3354,-0.0006
7.1,-0.3408,-0.0005
7.2,-0.3463,-0.0006
7.3,-0.3519,-0.0006
7.4,-0.3569,-0.0006
7.5,-0.3615,-0.0006
7.6,-0.3665,-0.0006
7.7,-0.3719,-0.0006
7.8,-0.3766,-0.0006
7.9,-0.3807,-0.0006
8.0,-0.3853,-0.0006
8.1,-0.3907,-0.0006
8.2,-0.3959,-0.0006
8.3,-0.4017,-0.0006
8.4,-0.4072,-0.0006
8.5,-0.4119,-0.0006
8.6,-0.4164,-0.0006
8.7,-0.4215,-0.0006
8.8,-0.4267,-0.0007
8.9,-0.431,-0.0007
9.0,-0.4354,-0.0006
9.1,-0.4408,-0.0007
9.2,-0.446,-0.0007
9.3,-0.4513,-0.0007
9.4,-0.4567,-0.0007
9.5,-0.4616,-0.0007
9.6,-0.4661,-0.0007
9.7,-0.4712,-0.0007
9.8,-0.4767,-0.0007
9.9,-0.4816,-0.0007
10.0,-0.4858,-0.0007
10.1,-0.4908,-0.0007
10.2,-0.496,-0.0007
10.3,-0.501,-0.0007
10.4,-0.5065,-0.0007
10.5,-0.5119,-0.0007
10.6,-0.5167,-0.0007
10.7,-0.5215,-0.0007
10.8,-0.5269,-0.0008
10.9,-0.5318,-0.0008
11.0,-0.5357,-0.0008
11.1,-0.54,-0.0008
11.2,-0.5453,-0.0008
11.3,-0.5508,-0.0008
11.4,-0.5566,-0.0008
11.5,-0.5622,-0.0008
11.6,-0.5671,-0.0008
11.7,-0.5715,-0.0008
11.8,-0.5766,-0.0008
11.9,-0.5818,-0.0008
12.0,-0.5862,-0.0008
12.1,-0.5903,-0.0008
12.2,-0.5954,-0.0008
12.3,-0.601,-0.0008
12.4,-0.6064,-0.0009
12.5,-0.612,-0.0009
12.6,-0.617,-0.0009
12.7,-0.6214,-0.0009
12.8,-0.6262,-0.0009
12.9,-0.6315,-0.0009
13.0,-0.6364,-0.0009
13.1,-0.6406,-0.0009
13.2,-0.6453,-0.0009
13.3,-0.6508,-0.0009
13.4,-0.6561,-0.0009
13.5,-0.6618,-0.0009
13.6,-0.6669,-0.0009
13.7,-0.6714,-0.0009
13.8,-0.6761,-0.0009
13.9,-0.6816,-0.0009
14.0,-0.6871,-0.0009
14.1,-0.6915,-0.0009
14.2,-0.6958,-0.001
14.3,-0.7011,-0.001
14.4,-0.7062,-0.001
14.5,-0.7112,-0.001
14.6,-0.7168,-0.001
14.7,-0.7219,-0.001
14.8,-0.7264,-0.001
14.9,-0.7314,-0.001
15.0,-0.7368,-0.001
15.1,-0.7415,-0.001
15.2,-0.7455,-0.001
15.3,-0.7502,-0.001
15.4,-0.7555,-0.001
15.5,-0.7607,-0.001
15.6,-0.7665,-0.001
15.7,-0.7718,-0.001
15.8,-0.7765,-0.0011
15.9,-0.7812,-0.0011
16.0,-0.7865,-0.0011
16.1,-0.7916,-0.0011
16.2,-0.7959,-0.0011
16.3,-0.8004,-0.0011
16.4,-0.8058,-0.0011
16.5,-0.8111,-0.0011
16.6,-0.8166,-0.0011
16.7,-0.8221,-0.0011
16.8,-0.827,-0.0011
16.9,-0.8313,-0.0011
17.0,-0.8363,-0.0011
17.1,-0.8417,-0.0011
17.2,-0.8463,-0.0011
17.3,-0.8505,-0.0011
17.4,-0.8557,-0.0012
17.5,-0.8611,-0.0012
17.6,-0.8664,-0.0012
17.7,-0.8719,-0.0012
17.8,-0.877,-0.0012
17.9,-0.8816,-0.0012
18.0,-0.8864,-0.0012
18.1,-0.8919,-0.0012
18.2,-0.8969,-0.0012
18.3,-0.9009,-0.0012
18.4,-0.9054,-0.0012
18.5,-0.9108,-0.0012
18.6,-0.9159,-0.0012
18.7,-0.9215,-0.0012
18.8,-0.927,-0.0012
18.9,-0.9317,-0.0012
19.0,-0.9363,-0.0013
19.1,-0.9417,-0.0013
19.2,-0.947,-0.0013
19.3,-0.9513,-0.0013
19.4,-0.9554,-0.0013
19.5,-0.9604,-0.0013
19.6,-0.9657,-0.0013
19.7,-0.9712,-0.0013
19.8,-0.9769,-0.0013
19.9,-0.9819,-0.0013
20.0,-0.9864,-0.0013
20.1,-0.9914,-0.0013
20.2,-0.9967,-0.0013
20.3,-1.0015,-0.0013
20.4,-1.0057,-0.0013
20.5,-1.0104,-0.0013
20.6,-1.0158,-0.0014
20.7,-1.021,-0.0014
20.8,-1.0266,-0.0014
20.9,-1.032,-0.0014
21.0,-1.0366,-0.0014
21.1,-1.0412,-0.0014
21.2,-1.0465,-0.0014
21.3,-1.0519,-0.0014
21.4,-1.0561,-0.0014
21.5,-1.0605,-0.0014
21.6,-1.0658,-0.0014
21.7,-1.071,-0.0014
21.8,-1.0763,-0.0014
21.9,-1.0815,-0.0014
22.0,-1.0865,-0.0015
22.1,-1.0912,-0.0015
22.2,-1.0964,-0.0015
22.3,-1.1021,-0.0015
22.4,-1.1068,-0.0015
22.5,-1.1109,-0.0015
22.6,-1.1157,-0.0015
22.7,-1.1209,-0.0015
22.8,-1.1259,-0.0015
22.9,-1.1315,-0.0015
23.0,-1.1367,-0.0015
23.1,-1.1414,-0.0015
23.2,-1.1462,-0.0015
23.3,-1.1518,-0.0015
23.4,-1.1569,-0.0016
23.5,-1.1611,-0.0016
23.6,-1.1654,-0.0016
23.7,-1.1707,-0.0016
23.8,-1.1759,-0.0016
23.9,-1.1815,-0.0016
24.0,-1.1874,-0.0016
24.1,-1.1924,-0.0016
24.2,-1.1968,-0.0016
24.3,-1.2019,-0.0016
24.4,-1.2072,-0.0016
24.5,-1.2115,-0.0016
24.6,-1.2155,-0.0016
24.7,-1.2203,-0.0016
24.8,-1.2255,-0.0016
24.9,-1.2309,-0.0016
25.0,-1.2366,-0.0016
25.1,-1.2419,-0.0017
25.2,-1.2464,-0.0017
25.3,-1.2512,-0.0017
25.4,-1.2566,-0.0017
25.5,-1.2614,-0.0017
25.6,-1.2656,-0.0017
25.7,-1.2703,-0.0017
25.8,-1.2759,-0.0017
25.9,-1.2811,-0.0017
26.0,-1.2869,-0.0017
26.1,-1.2922,-0.0017
26.2,-1.2967,-0.0017
26.3,-1.3012,-0.0017
26.4,-1.3065,-0.0017
26.5,-1.3121,-0.0018
26.6,-1.3165,-0.0018
26.7,-1.3207,-0.0018
26.8,-1.3258,-0.0018
26.9,-1.331,-0.0018
27.0,-1.3362,-0.0018
27.1,-1.3417,-0.0018
27.2,-1.3468,-0.0018
27.3,-1.3515,-0.0018
27.4,-1.3566,-0.0018
27.5,-1.362,-0.0018
27.6,-1.3666,-0.0018
27.7,-1.3707,-0.0018
27.8,-1.3751,-0.0018
27.9,-1.3802,-0.0019
28.0,-1.3851,-0.0019
28.1,-1.3908,-0.0019
28.2,-1.3965,-0.0019
28.3,-1.4015,-0.0019
28.4,-1.4063,-0.0019
28.5,-1.4119,-0.0019
28.6,-1.4171,-0.0019
28.7,-1.4212,-0.0019
28.8,-1.4257,-0.0019
28.9,-1.4309,-0.0019
29.0,-1.436,-0.0019
29.1,-1.4414,-0.002
29.2,-1.447,-0.002
29.3,-1.4518,-0.002
29.4,-1.4562,-0.002
29.5,-1.4611,-0.002
29.6,-1.4665,-0.002
29.7,-1.4712,-0.002
29.8,-1.4754,-0.002
29.9,-1.4806,-0.002
30.0,-1.4863,-0.002
30.1,-1.4918,-0.002
30.2,-1.4972,-0.002
30.3,-1.5022,-0.002
30.4,-1.5067,-0.002
30.5,-1.5115,-0.002
30.6,-1.5171,-0.0021
30.7,-1.5219,-0.0021
30.8,-1.5259,-0.0021
30.9,-1.5305,-0.0021
31.0,-1.5357,-0.0021
31.1,-1.5406,-0.0021
31.2,-1.5459,-0.0021
31.3,-1.5515,-0.0021
31.4,-1.5565,-0.0021
31.5,-1.5613,-0.0021
31.6,-1.5666,-0.0021
31.7,-1.5719,-0.0021
31.8,-1.5763,-0.0021
31.9,-1.5804,-0.0021
32.0,-1.5854,-0.0022
32.1,-1.5906,-0.0022
32.2,-1.5961,-0.0022
32.3,-1.6019,-0.0022
32.4,-1.6071,-0.0022
32.5,-1.6118,-0.0022
32.6,-1.6169,-0.0022
32.7,-1.6221,-0.0022
32.8,-1.6267,-0.0022
32.9,-1.6307,-0.0022
33.0,-1.6353,-0.0022
33.1,-1.6407,-0.0022
33.2,-1.6459,-0.0022
33.3,-1.6515,-0.0022
33.4,-1.6569,-0.0023
33.5,-1.6616,-0.0023
33.6,-1.6662,-0.0023
33.7,-1.6714,-0.0023
33.8,-1.6767,-0.0023
33.9,-1.6811,-0.0023
34.0,-1.6855,-0.0023
34.1,-1.6908,-0.0023
34.2,-1.6961,-0.0023
34.3,-1.7016,-0.0023
34.4,-1.707,-0.0023
34.5,-1.7117,-0.0023
34.6,-1.7163,-0.0023
34.7,-1.7213,-0.0024
34.8,-1.7269,-0.0024
34.9,-1.7315,-0.0024
35.0,-1.7356,-0.0024
35.1,-1.7404,-0.0024
35.2,-1.7456,-0.0024
35.3,-1.7506,-0.0024
35.4,-1.7561,-0.0024
35.5,-1.7616,-0.0024
35.6,-1.7664,-0.0024
35.7,-1.7713,-0.0024
35.8,-1.7769,-0.0024
35.9,-1.782,-0.0025
36.0,-1.786,-0.0025
36.1,-1.7905,-0.0025
36.2,-1.7959,-0.0025
36.3,-1.8014,-0.0025
36.4,-1.8072,-0.0025
36.5,-1.8126,-0.0025
36.6,-1.8172,-0.0025
36.7,-1.8217,-0.0025
36.8,-1.8268,-0.0025
36.9,-1.8318,-0.0025
37.0,-1.8361,-0.0025
37.1,-1.8403,-0.0025
37.2,-1.8451,-0.0025
37.3,-1.8505,-0.0026
37.4,-1.8559,-0.0026
37.5,-1.8617,-0.0026
37.6,-1.8669,-0.0026
37.7,-1.8713,-0.0026
37.8,-1.8761,-0.0026
37.9,-1.8817,-0.0026
38.0,-1.8866,-0.0026
38.1,-1.8908,-0.0026
38.2,-1.8955,-0.0026
38.3,-1.9009,-0.0026
38.4,-1.9061,-0.0026
38.5,-1.9116,-0.0026
38.6,-1.9169,-0.0027
38.7,-1.9216,-0.0027
38.8,-1.9262,-0.0027
38.9,-1.9317,-0.0027
39.0,-1.9373,-0.0027
39.1,-1.9415,-0.0027
39.2,-1.9458,-0.0027
39.3,-1.9509,-0.0027
39.4,-1.9558,-0.0027
39.5,-1.961,-0.0027
39.6,-1.9665,-0.0027
39.7,-1.9716,-0.0027
39.8,-1.9762,-0.0028
39.9,-1.9813,-0.0028
40.0,-1.9869,-0.0028
40.1,-1.9916,-0.0028
40.2,-1.9957,-0.0028
40.3,-2.0005,-0.0028
40.4,-2.0058,-0.0028
40.5,-2.0111,-0.0028
40.6,-2.017,-0.0028
40.7,-2.0223,-0.0028
40.8,-2.0267,-0.0028
40.9,-2.0313,-0.0028
41.0,-2.0367,-0.0029
41.1,-2.0417,-0.0029
41.2,-2.0458,-0.0029
41.3,-2.0502,-0.0029
41.4,-2.0553,-0.0029
41.5,-2.0606,-0.0029
41.6,-2.0659,-0.0029
41.7,-2.0715,-0.0029
41.8,-2.0764,-0.0029
41.9,-2.0809,-0.0029
42.0,-2.0862,-0.0029
42.1,-2.0918,-0.0029
42.2,-2.0966,-0.0029
42.3,-2.101,-0.003
42.4,-2.1062,-0.003
42.5,-2.1116,-0.003
42.6,-2.1169,-0.003
42.7,-2.1223,-0.003
42.8,-2.127,-0.003
42.9,-2.1314,-0.003
43.0,-2.1362,-0.003
43.1,-2.1417,-0.003
43.2,-2.1469,-0.003
43.3,-2.1511,-0.003
43.4,-2.1557,-0.0031
43.5,-2.161,-0.0031
43.6,-2.1658,-0.0031
43.7,-2.1711,-0.0031
43.8,-2.1767,-0.0031
43.9,-2.1817,-0.0031
44.0,-2.1863,-0.0031
44.1,-2.1916,-0.0031
44.2,-2.1971,-0.0031
44.3,-2.2015,-0.0031
44.4,-2.2057,-0.0031
44.5,-2.2107,-0.0031
44.6,-2.2158,-0.0032
44.7,-2.221,-0.0032
44.8,-2.2265,-0.0032
44.9,-2.2314,-0.0032
45.0,-2.2359,-0.0032
45.1,-2.2409,-0.0032
45.2,-2.2465,-0.0032
45.3,-2.2514,-0.0032
45.4,-2.2556,-0.0032
45.5,-2.2603,-0.0032
45.6,-2.266,-0.0032
45.7,-2.2713,-0.0032
45.8,-2.277,-0.0033
45.9,-2.2824,-0.0033
46.0,-2.287,-0.0033
46.1,-2.2914,-0.0033
46.2,-2.2965,-0.0033
46.3,-2.3017,-0.0033
46.4,-2.3061,-0.0033
46.5,-2.3105,-0.0033
46.6,-2.3159,-0.0033
46.7,-2.3211,-0.0033
46.8,-2.3266,-0.0033
46.9,-2.3319,-0.0033
47.0,-2.3366,-0.0033
47.1,-2.3411,-0.0034
47.2,-2.346,-0.0034
47.3,-2.3515,-0.0034
47.4,-2.3563,-0.0034
47.5,-2.3606,-0.0034
47.6,-2.3654,-0.0034
47.7,-2.3708,-0.0034
47.8,-2.376,-0.0034
47.9,-2.3816,-0.0034
48.0,-2.3869,-0.0034
48.1,-2.3917,-0.0034
48.2,-2.3964,-0.0035
48.3,-2.4016,-0.0035
48.4,-2.4068,-0.0035
48.5,-2.4111,-0.0035
48.6,-2.4157,-0.0035
48.7,-2.421,-0.0035
48.8,-2.4264,-0.0035
48.9,-2.4321,-0.0035
49.0,-2.4373,-0.0035
49.1,-2.4419,-0.0035
49.2,-2.4464,-0.0035
49.3,-2.4515,-0.0035
49.4,-2.4569,-0.0036
49.5,-2.4611,-0.0036
49.6,-2.4652,-0.0036
49.7,-2.4703,-0.0036
49.8,-2.4757,-0.0036
49.9,-2.4811,-0.0036
50.0,-2.4868,-0.0036
50.1,-2.492,-0.0036
50.2,-2.4966,-0.0036
50.3,-2.5013,-0.0036
50.4,-2.5066,-0.0036
50.5,-2.5116,-0.0036
50.6,-2.5158,-0.0037
50.7,-2.5205,-0.0037
50.8,-2.5261,-0.0037
50.9,-2.5314,-0.0037
51.0,-2.5368,-0.0037
51.1,-2.5419,-0.0037
51.2,-2.5465,-0.0037
51.3,-2.5511,-0.0037
51.4,-2.5565,-0.0037
51.5,-2.5619,-0.0037
51.6,-2.5662,-0.0037
51.7,-2.5706,-0.0038
51.8,-2.5757,-0.0038
51.9,-2.5808,-0.0038
52.0,-2.5859,-0.0038
52.1,-2.5914,-0.0038
52.2,-2.5967,-0.0038
52.3,-2.6016,-0.0038
52.4,-2.6067,-0.0038
52.5,-2.6121,-0.0038
52.6,-2.6168,-0.0038
52.7,-2.6208,-0.0038
52.8,-2.6255,-0.0038
52.9,-2.631,-0.0039
53.0,-2.6362,-0.0039
53.1,-2.6417,-0.0039
53.2,-2.6469,-0.0039
53.3,-2.6516,-0.0039
53.4,-2.6564,-0.0039
53.5,-2.6616,-0.0039
53.6,-2.6665,-0.0039
53.7,-2.6707,-0.0039
53.8,-2.6751,-0.0039
53.9,-2.6804,-0.0039
54.0,-2.6856,-0.004
54.1,-2.6912,-0.004
54.2,-2.6968,-0.004
54.3,-2.7018,-0.004
54.4,-2.7065,-0.004
54.5,-2.7115,-0.004
54.6,-2.7168,-0.004
54.7,-2.7214,-0.004
54.8,-2.7256,-0.004
54.9,-2.7308,-0.004
55.0,-2.7362,-0.0041
55.1,-2.7415,-0.0041
55.2,-2.7471,-0.0041
55.3,-2.752,-0.0041
55.4,-2.7565,-0.0041
55.5,-2.7612,-0.0041
55.6,-2.7667,-0.0041
55.7,-2.7718,-0.0041
55.8,-2.7759,-0.0041
55.9,-2.7804,-0.0041
56.0,-2.7858,-0.0041
56.1,-2.7909,-0.0041
56.2,-2.7963,-0.0041
56.3,-2.8018,-0.0042
56.4,-2.8066,-0.0042
56.5,-2.8111,-0.0042
56.6,-2.8164,-0.0042
56.7,-2.8219,-0.0042
56.8,-2.8264,-0.0042
56.9,-2.8306,-0.0042
57.0,-2.8357,-0.0042
57.1,-2.8408,-0.0042
57.2,-2.846,-0.0042
57.3,-2.8517,-0.0043
57.4,-2.8568,-0.0043
57.5,-2.8615,-0.0043
57.6,-2.8667,-0.0043
57.7,-2.872,-0.0043
57.8,-2.8765,-0.0043
57.9,-2.8805,-0.0043
58.0,-2.8853,-0.0043
58.1,-2.8909,-0.0043
58.2,-2.8961,-0.0043
58.3,-2.9019,-0.0043
58.4,-2.9072,-0.0044
58.5,-2.9118,-0.0044
58.6,-2.9163,-0.0044
58.7,-2.9213,-0.0044
58.8,-2.9267,-0.0044
58.9,-2.9311,-0.0044
59.0,-2.9355,-0.0044
59.1,-2.9409,-0.0044
59.2,-2.9461,-0.0044
59.3,-2.9516,-0.0044
59.4,-2.957,-0.0045
59.5,-2.9615,-0.0045
59.6,-2.9657,-0.0045
59.7,-2.9706,-0.0045
59.8,-2.9761,-0.0045
59.9,-2.9809,-0.0045
60.0,-2.9852,-0.0045
60.1,-2.9903,-0.0045
60.2,-2.9959,-0.0045
60.3,-3.0012,-0.0045
60.4,-3.0068,-0.0046
60.5,-3.0122,-0.0046
60.6,-3.0168,-0.0046
60.7,-3.0215,-0.0046
60.8,-3.0269,-0.0046
60.9,-3.032,-0.0046
61.0,-3.0362,-0.0046
61.1,-3.0406,-0.0046
61.2,-3.046,-0.0046
61.3,-3.0512,-0.0046
61.4,-3.0568,-0.0046
61.5,-3.0621,-0.0047
61.6,-3.0666,-0.0047
61.7,-3.071,-0.0047
61.8,-3.0761,-0.0047
61.9,-3.0814,-0.0047
62.0,-3.0859,-0.0047
62.1,-3.0902,-0.0047
62.2,-3.0954,-0.0047
62.3,-3.1009,-0.0047
62.4,-3.1064,-0.0047
62.5,-3.1122,-0.0047
62.6,-3.1174,-0.0048
62.7,-3.1218,-0.0048
62.8,-3.1264,-0.0048
62.9,-3.1316,-0.0048
63.0,-3.1365,-0.0048
63.1,-3.1407,-0.0048
63.2,-3.1454,-0.0048
63.3,-3.151,-0.0048
63.4,-3.1562,-0.0048
63.5,-3.1616,-0.0048
63.6,-3.1668,-0.0049
63.7,-3.1714,-0.0049
63.8,-3.176,-0.0049
63.9,-3.1814,-0.0049
64.0,-3.1867,-0.0049
64.1,-3.1911,-0.0049
64.2,-3.1955,-0.0049
64.3,-3.2008,-0.0049
64.4,-3.206,-0.0049
64.5,-3.2113,-0.0049
64.6,-3.2169,-0.005
64.7,-3.222,-0.005
64.8,-3.2266,-0.005
64.9,-3.2314,-0.005
65.0,-3.2367,-0.005
65.1,-3.2414,-0.005
65.2,-3.2455,-0.005
65.3,-3.2503,-0.005
65.4,-3.2558,-0.005
65.5,-3.261,-0.005
65.6,-3.2667,-0.005
65.7,-3.2719,-0.0051
65.8,-3.2765,-0.0051
65.9,-3.2813,-0.0051
66.0,-3.2866,-0.0051
66.1,-3.2917,-0.0051
66.2,-3.2961,-0.0051
66.3,-3.3005,-0.0051
66.4,-3.3058,-0.0051
66.5,-3.311,-0.0051
66.6,-3.3163,-0.0052
66.7,-3.3219,-0.0052
66.8,-3.3268,-0.0052
66.9,-3.3313,-0.0052
67.0,-3.3362,-0.0052
67.1,-3.3414,-0.0052
67.2,-3.3461,-0.0052
67.3,-3.3504,-0.0052
67.4,-3.3555,-0.0052
67.5,-3.3612,-0.0052
67.6,-3.3669,-0.0052
67.7,-3.3726,-0.0053
67.8,-3.3772,-0.0053
67.9,-3.3814,-0.0053
68.0,-3.3861,-0.0053
68.1,-3.3918,-0.0053
68.2,-3.397,-0.0053
68.3,-3.4011,-0.0053
68.4,-3.4058,-0.0053
68.5,-3.4111,-0.0053
68.6,-3.416,-0.0054
68.7,-3.4212,-0.0054
68.8,-3.4265,-0.0054
68.9,-3.4314,-0.0054
69.0,-3.4361,-0.0054
69.1,-3.4415,-0.0054
69.2,-3.447,-0.0054
69.3,-3.4514,-0.0054
69.4,-3.4555,-0.0054
69.5,-3.4604,-0.0054
69.6,-3.4657,-0.0054
69.7,-3.4711,-0.0055
69.8,-3.4767,-0.0055
69.9,-3.4818,-0.0055
70.0,-3.4865,-0.0055
70.1,-3.4915,-0.0055
70.2,-3.497,-0.0055
70.3,-3.5017,-0.0055
70.4,-3.5058,-0.0055
70.5,-3.5105,-0.0055
70.6,-3.5159,-0.0056
70.7,-3.5211,-0.0056
70.8,-3.5265,-0.0056
70.9,-3.532,-0.0056
71.0,-3.5369,-0.0056
71.1,-3.5414,-0.0056
71.2,-3.5465,-0.0056
71.3,-3.5516,-0.0056
71.4,-3.5559,-0.0056
71.5,-3.5603,-0.0056
71.6,-3.5658,-0.0057
71.7,-3.5711,-0.0057
71.8,-3.5765,-0.0057
71.9,-3.5819,-0.0057
72.0,-3.5867,-0.0057
72.1,-3.5912,-0.0057
72.2,-3.5962,-0.0057
72.3,-3.6018,-0.0057
72.4,-3.6065,-0.0057
72.5,-3.6107,-0.0057
72.6,-3.6156,-0.0057
72.7,-3.621,-0.0058
72.8,-3.6259,-0.0058
72.9,-3.6314,-0.0058
73.0,-3.6367,-0.0058
73.1,-3.6415,-0.0058
73.2,-3.6463,-0.0058
73.3,-3.6518,-0.0058
73.4,-3.6569,-0.0058
73.5,-3.6611,-0.0058
73.6,-3.6655,-0.0059
73.7,-3.6709,-0.0059
73.8,-3.6762,-0.0059
73.9,-3.6818,-0.0059
74.0,-3.6872,-0.0059
74.1,-3.692,-0.0059
74.2,-3.6965,-0.0059
74.3,-3.7017,-0.0059
74.4,-3.7069,-0.0059
74.5,-3.7113,-0.006
74.6,-3.7156,-0.006
74.7,-3.7208,-0.006
74.8,-3.7262,-0.006
74.9,-3.7314,-0.006
75.0,-3.7369,-0.006
75.1,-3.7419,-0.006
75.2,-3.7464,-0.006
75.3,-3.7509,-0.006
75.4,-3.756,-0.006
75.5,-3.761,-0.0061
75.6,-3.7655,-0.0061
75.7,-3.7702,-0.0061
75.8,-3.7759,-0.0061
75.9,-3.7814,-0.0061
76.0,-3.787,-0.0061
76.1,-3.7919,-0.0061
76.2,-3.7965,-0.0061
76.3,-3.8012,-0.0061
76.4,-3.8066,-0.0062
76.5,-3.8122,-0.0062
76.6,-3.8165,-0.0062
76.7,-3.8208,-0.0062
76.8,-3.8261,-0.0062
76.9,-3.831,-0.0062
77.0,-3.836,-0.0062
77.1,-3.8415,-0.0062
77.2,-3.8466,-0.0062
77.3,-3.8513,-0.0063
77.4,-3.8563,-0.0063
77.5,-3.8618,-0.0063
77.6,-3.8667,-0.0063
77.7,-3.8709,-0.0063
77.8,-3.8757,-0.0063
77.9,-3.8809,-0.0063
78.0,-3.886,-0.0063
78.1,-3.8917,-0.0063
78.2,-3.8969,-0.0063
78.3,-3.9015,-0.0064
78.4,-3.9061,-0.0064
78.5,-3.9115,-0.0064
78.6,-3.9165,-0.0064
78.7,-3.9207,-0.0064
78.8,-3.925,-0.0064
78.9,-3.9303,-0.0064
79.0,-3.9358,-0.0064
79.1,-3.9415,-0.0064
79.2,-3.9472,-0.0065
79.3,-3.9519,-0.0065
79.4,-3.9562,-0.0065
79.5,-3.9611,-0.0065
79.6,-3.9664,-0.0065
79.7,-3.9712,-0.0065
79.8,-3.9755,-0.0065
79.9,-3.9809,-0.0065
80.0,-3.9866,-0.0065
80.1,-3.992,-0.0066
80.2,-3.9974,-0.0066
80.3,-4.0021,-0.0066
80.4,-4.0065,-0.0066
80.5,-4.0112,-0.0066
80.6,-4.0168,-0.0066
80.7,-4.022,-0.0066
80.8,-4.0261,-0.0066
80.9,-4.0306,-0.0066
81.0,-4.0359,-0.0066
81.1,-4.0408,-0.0067
81.2,-4.046,-0.0067
81.3,-4.0515,-0.0067
81.4,-4.0565,-0.0067
81.5,-4.0612,-0.0067
81.6,-4.0664,-0.0067
81.7,-4.0718,-0.0067
81.8,-4.0763,-0.0067
81.9,-4.0804,-0.0068
82.0,-4.0854,-0.0067
82.1,-4.0907,-0.0068
82.2,-4.0962,-0.0068
82.3,-4.1019,-0.0068
82.4,-4.107,-0.0068
82.5,-4.1115,-0.0068
82.6,-4.1165,-0.0068
82.7,-4.1219,-0.0069
82.8,-4.1266,-0.0069
82.9,-4.1307,-0.0069
83.0,-4.1355,-0.0069
83.1,-4.1409,-0.0069
83.2,-4.1461,-0.0069
83.3,-4.1517,-0.0069
83.4,-4.1571,-0.0069
83.5,-4.1618,-0.0069
83.6,-4.1661,-0.0069
83.7,-4.1711,-0.0069
83.8,-4.1764,-0.007
83.9,-4.1808,-0.007
84.0,-4.1852,-0.007
84.1,-4.1905,-0.007
84.2,-4.1959,-0.007
84.3,-4.2017,-0.007
84.4,-4.2072,-0.007
84.5,-4.2118,-0.007
84.6,-4.2162,-0.0071
84.7,-4.2213,-0.0071
84.8,-4.2269,-0.0071
84.9,-4.2315,-0.0071
85.0,-4.2357,-0.0071
85.1,-4.2407,-0.0071
85.2,-4.246,-0.0071
85.3,-4.2508,-0.0071
85.4,-4.2562,-0.0071
85.5,-4.2614,-0.0072
85.6,-4.2662,-0.0072
85.7,-4.2709,-0.0072
85.8,-4.2766,-0.0072
85.9,-4.2819,-0.0072
86.0,-4.2861,-0.0072
86.1,-4.2907,-0.0072
86.2,-4.2961,-0.0072
86.3,-4.3016,-0.0073
86.4,-4.3072,-0.0073
86.5,-4.3125,-0.0073
86.6,-4.3171,-0.0073
86.7,-4.3215,-0.0073
86.8,-4.3266,-0.0073
86.9,-4.3319,-0.0073
87.0,-4.3363,-0.0073
87.1,-4.3405,-0.0073
87.2,-4.3455,-0.0074
87.3,-4.3506,-0.0074
87.4,-4.356,-0.0074
87.5,-4.3615,-0.0074
87.6,-4.3667,-0.0074
87.7,-4.3714,-0.0074
87.8,-4.3762,-0.0074
87.9,-4.3818,-0.0074
88.0,-4.3867,-0.0074
88.1,-4.3908,-0.0074
88.2,-4.3955,-0.0075
88.3,-4.4008,-0.0075
88.4,-4.406,-0.0075
88.5,-4.4116,-0.0075
88.6,-4.4168,-0.0075
88.7,-4.4214,-0.0075
88.8,-4.426,-0.0075
88.9,-4.4315,-0.0075
89.0,-4.4369,-0.0076
89.1,-4.4412,-0.0076
89.2,-4.4456,-0.0076
89.3,-4.4508,-0.0076
89.4,-4.4558,-0.0076
89.5,-4.4607,-0.0076
89.6,-4.4664,-0.0076
89.7,-4.4717,-0.0076
89.8,-4.4765,-0.0077
89.9,-4.4816,-0.0077
90.0,-4.4871,-0.0077
90.1,-4.4918,-0.0077
90.2,-4.4958,-0.0077
90.3,-4.5004,-0.0077
90.4,-4.5057,-0.0077
90.5,-4.511,-0.0077
90.6,-4.5168,-0.0077
90.7,-4.522,-0.0078
90.8,-4.5266,-0.0078
90.9,-4.5313,-0.0078
91.0,-4.5368,-0.0078
91.1,-4.5417,-0.0078
91.2,-4.5458,-0.0078
91.3,-4.5502,-0.0078
91.4,-4.5556,-0.0078
91.5,-4.5609,-0.0079
91.6,-4.5662,-0.0079
91.7,-4.5718,-0.0079
91.8,-4.5768,-0.0079
91.9,-4.5813,-0.0079
92.0,-4.5863,-0.0079
92.1,-4.5917,-0.0079
92.2,-4.5964,-0.0079
92.3,-4.6005,-0.008
92.4,-4.6058,-0.008
92.5,-4.6114,-0.008
92.6,-4.6169,-0.008
92.7,-4.6224,-0.008
92.8,-4.6271,-0.008
92.9,-4.6313,-0.008
93.0,-4.636,-0.0081
93.1,-4.6417,-0.008
93.2,-4.6467,-0.0081
93.3,-4.6509,-0.0081
93.4,-4.6556,-0.0081
93.5,-4.661,-0.0081
93.6,-4.666,-0.0081
93.7,-4.6712,-0.0081
93.8,-4.6767,-0.0081
93.9,-4.6816,-0.0082
94.0,-4.6863,-0.0082
94.1,-4.6916,-0.0082
94.2,-4.697,-0.0082
94.3,-4.7014,-0.0082
94.4,-4.7056,-0.0082
94.5,-4.7106,-0.0082
94.6,-4.7159,-0.0082
94.7,-4.7213,-0.0082
94.8,-4.727,-0.0083
94.9,-4.7319,-0.0083
95.0,-4.7363,-0.0083
95.1,-4.7413,-0.0083
95.2,-4.7468,-0.0083
95.3,-4.7515,-0.0083
95.4,-4.7555,-0.0083
95.5,-4.7601,-0.0083
95.6,-4.7655,-0.0083
95.7,-4.7708,-0.0084
95.8,-4.7764,-0.0084
95.9,-4.7821,-0.0084
96.0,-4.7869,-0.0084
96.1,-4.7914,-0.0084
96.2,-4.7965,-0.0084
96.3,-4.8019,-0.0084
96.4,-4.8063,-0.0085
96.5,-4.8106,-0.0085
96.6,-4.8159,-0.0085
96.7,-4.8212,-0.0085
96.8,-4.8267,-0.0085
96.9,-4.832,-0.0085
97.0,-4.8366,-0.0085
97.1,-4.841,-0.0086
97.2,-4.846,-0.0086
97.3,-4.8514,-0.0086
97.4,-4.8562,-0.0086
97.5,-4.8605,-0.0086
97.6,-4.8655,-0.0086
97.7,-4.8708,-0.0086
97.8,-4.8759,-0.0086
97.9,-4.8815,-0.0086
98.0,-4.8868,-0.0087
98.1,-4.8915,-0.0087
98.2,-4.8964,-0.0087
98.3,-4.9019,-0.0087
98.4,-4.9071,-0.0087
98.5,-4.9112,-0.0087
98.6,-4.9156,-0.0087
98.7,-4.921,-0.0088
98.8,-4.9264,-0.0088
98.9,-4.9319,-0.0088
99.0,-4.9372,-0.0088
99.1,-4.9418,-0.0088
99.2,-4.9461,-0.0088
99.3,-4.9512,-0.0088
99.4,-4.9567,-0.0088
99.5,-4.9612,-0.0088
99.6,-4.9654,-0.0089
99.7,-4.9705,-0.0089
99.8,-4.9758,-0.0089
99.9,-4.9812,-0.0089
100.0,-4.987,-0.0089
100.1,-4.9922,-0.0089
100.2,-4.9968,-0.0089
100.3,-5.0015,-0.009
100.4,-5.0068,-0.009
100.5,-5.0116,-0.009
100.6,-5.0157,-0.009
100.7,-5.0203,-0.009
100.8,-5.0258,-0.009
100.9,-5.0311,-0.009
101.0,-5.0367,-0.009
101.1,-5.0421,-0.0091
101.2,-5.0465,-0.0091
101.3,-5.0511,-0.0091
101.4,-5.0564,-0.0091
101.5,-5.0619,-0.0091
101.6,-5.0662,-0.0091
101.7,-5.0705,-0.0091
101.8,-5.0757,-0.0091
101.9,-5.0808,-0.0092
102.0,-5.0859,-0.0092
102.1,-5.0915,-0.0092
102.2,-5.0967,-0.0092
102.3,-5.1015,-0.0092
102.4,-5.1067,-0.0092
102.5,-5.1123,-0.0093
102.6,-5.117,-0.0092
102.7,-5.1209,-0.0093
102.8,-5.1256,-0.0093
102.9,-5.1308,-0.0093
103.0,-5.1359,-0.0093
103.1,-5.1416,-0.0093
103.2,-5.1469,-0.0093
103.3,-5.1515,-0.0093
103.4,-5.1562,-0.0094
103.5,-5.1615,-0.0094
103.6,-5.1666,-0.0094
103.7,-5.1709,-0.0094
103.8,-5.1753,-0.0094
103.9,-5.1805,-0.0094
104.0,-5.1857,-0.0094
104.1,-5.1912,-0.0094
104.2,-5.1969,-0.0095
104.3,-5.2019,-0.0095
104.4,-5.2064,-0.0095
104.5,-5.2114,-0.0095
104.6,-5.2167,-0.0095
104.7,-5.2214,-0.0095
104.8,-5.2257,-0.0095
104.9,-5.2309,-0.0096
105.0,-5.2363,-0.0096
105.1,-5.2417,-0.0096
105.2,-5.2472,-0.0096
105.3,-5.252,-0.0096
105.4,-5.2564,-0.0096
105.5,-5.2611,-0.0096
105.6,-5.2667,-0.0096
105.7,-5.2718,-0.0097
105.8,-5.2758,-0.0097
105.9,-5.2804,-0.0097
106.0,-5.2858,-0.0097
106.1,-5.2911,-0.0097
106.2,-5.2968,-0.0097
106.3,-5.3023,-0.0097
106.4,-5.307,-0.0098
106.5,-5.3114,-0.0098
106.6,-5.3164,-0.0098
106.7,-5.3217,-0.0098
106.8,-5.3261,-0.0098
106.9,-5.3303,-0.0098
107.0,-5.3353,-0.0098
107.1,-5.3405,-0.0098
107.2,-5.3458,-0.0099
107.3,-5.3516,-0.0099
107.4,-5.3568,-0.0099
107.5,-5.3614,-0.0099
107.6,-5.3664,-0.0099
107.7,-5.3721,-0.0099
107.8,-5.3768,-0.0099
107.9,-5.3808,-0.0099
108.0,-5.3856,-0.01
108.1,-5.391,-0.01
108.2,-5.3962,-0.01
108.3,-5.4018,-0.01
108.4,-5.4071,-0.01
108.5,-5.4116,-0.01
108.6,-5.4161,-0.01
108.7,-5.4213,-0.0101
108.8,-5.4268,-0.0101
108.9,-5.4311,-0.0101
109.0,-5.4354,-0.0101
109.1,-5.4407,-0.0101
109.2,-5.4459,-0.0101
109.3,-5.4515,-0.0101
109.4,-5.4568,-0.0102
109.5,-5.4615,-0.0102
109.6,-5.4659,-0.0102
109.7,-5.4709,-0.0102
109.8,-5.4766,-0.0102
109.9,-5.4815,-0.0102
110.0,-5.4858,-0.0102
110.1,-5.4908,-0.0102
110.2,-5.4961,-0.0103
110.3,-5.5011,-0.0103
110.4,-5.5066,-0.0103
110.5,-5.512,-0.0103
110.6,-5.5167,-0.0103
110.7,-5.5215,-0.0103
110.8,-5.527,-0.0103
110.9,-5.532,-0.0104
111.0,-5.5361,-0.0104
111.1,-5.5404,-0.0104
111.2,-5.5455,-0.0104
111.3,-5.5507,-0.0104
111.4,-5.5564,-0.0104
111.5,-5.5619,-0.0104
111.6,-5.5668,-0.0105
111.7,-5.5713,-0.0105
111.8,-5.5766,-0.0105
111.9,-5.5819,-0.0105
112.0,-5.5863,-0.0105
112.1,-5.5905,-0.0105
112.2,-5.5955,-0.0105
112.3,-5.6008,-0.0106
112.4,-5.6061,-0.0106
112.5,-5.6119,-0.0106
112.6,-5.617,-0.0106
112.7,-5.6216,-0.0106
112.8,-5.6263,-0.0106
112.9,-5.6316,-0.0106
113.0,-5.6366,-0.0107
113.1,-5.6407,-0.0107
113.2,-5.6454,-0.0107
113.3,-5.6509,-0.0107
113.4,-5.6561,-0.0107
113.5,-5.6616,-0.0107
113.6,-5.6667,-0.0107
113.7,-5.6714,-0.0107
113.8,-5.676,-0.0108
113.9,-5.6815,-0.0108
114.0,-5.687,-0.0108
114.1,-5.6913,-0.0108
114.2,-5.6957,-0.0108
114.3,-5.7009,-0.0108
114.4,-5.706,-0.0109
114.5,-5.7111,-0.0109
114.6,-5.7167,-0.0109
114.7,-5.7219,-0.0109
114.8,-5.7267,-0.0109
114.9,-5.7317,-0.0109
115.0,-5.737,-0.0109
115.1,-5.7417,-0.011
115.2,-5.7457,-0.011
115.3,-5.7504,-0.011
115.4,-5.7558,-0.011
115.5,-5.761,-0.011
115.6,-5.7666,-0.011
115.7,-5.7718,-0.011
115.8,-5.7765,-0.0111
115.9,-5.7811,-0.0111
116.0,-5.7865,-0.0111
116.1,-5.7916,-0.0111
116.2,-5.796,-0.0111
116.3,-5.8004,-0.0111
116.4,-5.8056,-0.0111
116.5,-5.811,-0.0112
116.6,-5.8167,-0.0112
116.7,-5.8222,-0.0112
116.8,-5.827,-0.0112
116.9,-5.8314,-0.0112
117.0,-5.8363,-0.0112
117.1,-5.8415,-0.0112
117.2,-5.8461,-0.0113
117.3,-5.8502,-0.0113
117.4,-5.8552,-0.0113
117.5,-5.8609,-0.0113
117.6,-5.8662,-0.0113
117.7,-5.8718,-0.0113
117.8,-5.877,-0.0114
117.9,-5.8816,-0.0114
118.0,-5.8865,-0.0114
118.1,-5.892,-0.0114
118.2,-5.8971,-0.0114
118.3,-5.9011,-0.0114
118.4,-5.9057,-0.0114
118.5,-5.911,-0.0114
118.6,-5.916,-0.0115
118.7,-5.9213,-0.0115
118.8,-5.9267,-0.0115
118.9,-5.9316,-0.0115
119.0,-5.9362,-0.0115
119.1,-5.9413,-0.0116
119.2,-5.9468,-0.0116
119.3,-5.9513,-0.0116
119.4,-5.9555,-0.0116
119.5,-5.9605,-0.0116
119.6,-5.9657,-0.0116
119.7,-5.971,-0.0116
119.8,-5.9769,-0.0117
119.9,-5.982,-0.0117
120.0,-5.9864,-0.0117
120.1,-5.9914,-0.0117
120.2,-5.9971,-0.0117
120.3,-6.0017,-0.0117
120.4,-6.0057,-0.0117
120.5,-6.0105,-0.0117
120.6,-6.016,-0.0118
120.7,-6.0212,-0.0118
120.8,-6.0268,-0.0118
120.9,-6.0321,-0.0118
121.0,-6.0368,-0.0118
121.1,-6.0413,-0.0118
121.2,-6.0463,-0.0119
121.3,-6.0516,-0.0119
121.4,-6.0559,-0.0119
121.5,-6.0603,-0.0119
121.6,-6.0656,-0.0119
121.7,-6.0709,-0.0119
121.8,-6.0764,-0.0119
121.9,-6.082,-0.012
122.0,-6.0868,-0.012
122.1,-6.0912,-0.012
122.2,-6.0963,-0.012
122.3,-6.1018,-0.012
122.4,-6.1065,-0.012
122.5,-6.1107,-0.0121
122.6,-6.1156,-0.0121
122.7,-6.121,-0.0121
122.8,-6.126,-0.0121
122.9,-6.1315,-0.0121
123.0,-6.1368,-0.0121
123.1,-6.1415,-0.0121
123.2,-6.1463,-0.0122
123.3,-6.1517,-0.0122
123.4,-6.1568,-0.0122
123.5,-6.1611,-0.0122
123.6,-6.1655,-0.0122
123.7,-6.1708,-0.0122
123.8,-6.176,-0.0122
123.9,-6.1814,-0.0123
124.0,-6.187,-0.0123
124.1,-6.1918,-0.0123
124.2,-6.1965,-0.0123
124.3,-6.2019,-0.0123
124.4,-6.2074,-0.0123
124.5,-6.2116,-0.0124
124.6,-6.2158,-0.0124
124.7,-6.2208,-0.0124
124.8,-6.2259,-0.0124
124.9,-6.2309,-0.0124
125.0,-6.2365,-0.0124
125.1,-6.2418,-0.0125
125.2,-6.2464,-0.0125
125.3,-6.2511,-0.0125
125.4,-6.2564,-0.0125
125.5,-6.2614,-0.0125
125.6,-6.2656,-0.0125
125.7,-6.2703,-0.0125
125.8,-6.2758,-0.0126
125.9,-6.2811,-0.0126
126.0,-6.2868,-0.0126
126.1,-6.2919,-0.0126
126.2,-6.2965,-0.0126
126.3,-6.3014,-0.0127
126.4,-6.3069,-0.0127
126.5,-6.3122,-0.0127
126.6,-6.3164,-0.0127
126.7,-6.3207,-0.0127
126.8,-6.3258,-0.0127
126.9,-6.3309,-0.0127
127.0,-6.336,-0.0128
127.1,-6.3418,-0.0128
127.2,-6.3472,-0.0128
127.3,-6.3517,-0.0128
127.4,-6.3567,-0.0128
127.5,-6.3621,-0.0128
127.6,-6.3667,-0.0129
127.7,-6.3706,-0.0129
127.8,-6.375,-0.0129
127.9,-6.3802,-0.0129
128.0,-6.3853,-0.0129
128.1,-6.3912,-0.0129
128.2,-6.3967,-0.0129
128.3,-6.4014,-0.013
128.4,-6.4062,-0.013
128.5,-6.4118,-0.013
128.6,-6.4169,-0.013
128.7,-6.4211,-0.013
128.8,-6.4255,-0.013
128.9,-6.4309,-0.0131
129.0,-6.436,-0.0131
129.1,-6.4412,-0.0131
129.2,-6.4468,-0.0131
129.3,-6.4518,-0.0131
129.4,-6.4564,-0.0131
129.5,-6.4613,-0.0132
129.6,-6.4667,-0.0132
129.7,-6.4714,-0.0132
129.8,-6.4756,-0.0132
129.9,-6.4806,-0.0132
130.0,-6.4861,-0.0133
130.1,-6.4916,-0.0133
130.2,-6.4972,-0.0133
130.3,-6.5022,-0.0133
130.4,-6.5067,-0.0133
130.5,-6.5114,-0.0133
130.6,-6.5167,-0.0133
130.7,-6.5217,-0.0134
130.8,-6.5259,-0.0134
130.9,-6.5305,-0.0134
131.0,-6.5358,-0.0134
131.1,-6.5409,-0.0134
131.2,-6.5463,-0.0134
131.3,-6.5518,-0.0135
131.4,-6.5566,-0.0135
131.5,-6.5612,-0.0135
131.6,-6.5663,-0.0135
131.7,-6.5717,-0.0135
131.8,-6.5761,-0.0136
131.9,-6.5803,-0.0136
132.0,-6.5856,-0.0136
132.1,-6.5912,-0.0136
132.2,-6.5967,-0.0136
132.3,-6.6023,-0.0136
132.4,-6.6071,-0.0137
132.5,-6.6115,-0.0137
132.6,-6.6163,-0.0137
132.7,-6.6218,-0.0137
132.8,-6.6265,-0.0137
132.9,-6.6306,-0.0137
133.0,-6.6352,-0.0137
133.1,-6.6406,-0.0138
133.2,-6.6459,-0.0138
133.3,-6.6516,-0.0138
133.4,-6.657,-0.0138
133.5,-6.6618,-0.0138
133.6,-6.6664,-0.0139
133.7,-6.6716,-0.0139
133.8,-6.6769,-0.0139
133.9,-6.6811,-0.0139
134.0,-6.6854,-0.0139
134.1,-6.6908,-0.0139
134.2,-6.696,-0.014
134.3,-6.7014,-0.014
134.4,-6.7068,-0.014
134.5,-6.7116,-0.014
134.6,-6.716,-0.014
134.7,-6.721,-0.014
134.8,-6.7266,-0.0141
134.9,-6.7316,-0.0141
135.0,-6.7358,-0.0141
135.1,-6.7406,-0.0141
135.2,-6.7459,-0.0141
135.3,-6.7509,-0.0142
135.4,-6.7563,-0.0142
135.5,-6.7616,-0.0142
135.6,-6.7663,-0.0142
135.7,-6.7712,-0.0142
135.8,-6.7767,-0.0143
135.9,-6.7817,-0.0143
136.0,-6.7858,-0.0143
136.1,-6.7904,-0.0143
136.2,-6.7959,-0.0143
136.3,-6.8013,-0.0143
136.4,-6.807,-0.0144
136.5,-6.8126,-0.0144
136.6,-6.8172,-0.0144
136.7,-6.8216,-0.0144
136.8,-6.8268,-0.0144
136.9,-6.8321,-0.0144
137.0,-6.8363,-0.0145
137.1,-6.8404,-0.0145
137.2,-6.8453,-0.0145
137.3,-6.8506,-0.0145
137.4,-6.856,-0.0145
137.5,-6.8617,-0.0145
137.6,-6.8669,-0.0146
137.7,-6.8714,-0.0146
137.8,-6.8761,-0.0146
137.9,-6.8813,-0.0146
138.0,-6.8863,-0.0146
138.1,-6.8906,-0.0147
138.2,-6.8953,-0.0147
138.3,-6.9008,-0.0147
138.4,-6.9061,-0.0147
138.5,-6.9119,-0.0147
138.6,-6.9173,-0.0147
138.7,-6.9218,-0.0148
138.8,-6.9264,-0.0148
138.9,-6.9316,-0.0148
139.0,-6.9369,-0.0148
139.1,-6.9412,-0.0148
139.2,-6.9455,-0.0148
139.3,-6.9506,-0.0149
139.4,-6.9558,-0.0149
139.5,-6.961,-0.0149
139.6,-6.9667,-0.015
139.7,-6.9718,-0.0149
139.8,-6.9763,-0.015
139.9,-6.9812,-0.015
140.0,-6.9867,-0.015
140.1,-6.9915,-0.015
140.2,-6.9958,-0.015
140.3,-7.0006,-0.0151
140.4,-7.0058,-0.0151
140.5,-7.011,-0.0151
140.6,-7.0167,-0.0151
140.7,-7.0218,-0.0151
140.8,-7.0266,-0.0151
140.9,-7.0315,-0.0151
141.0,-7.0369,-0.0152
141.1,-7.042,-0.0152
141.2,-7.046,-0.0152
141.3,-7.0504,-0.0152
141.4,-7.0557,-0.0153
141.5,-7.0608,-0.0153
141.6,-7.0661,-0.0153
141.7,-7.0716,-0.0153
141.8,-7.0765,-0.0153
141.9,-7.0811,-0.0153
142.0,-7.0861,-0.0154
142.1,-7.0917,-0.0154
142.2,-7.0965,-0.0154
142.3,-7.1007,-0.0154
142.4,-7.1057,-0.0154
142.5,-7.1113,-0.0155
142.6,-7.1169,-0.0155
142.7,-7.1224,-0.0155
142.8,-7.1272,-0.0155
142.9,-7.1315,-0.0155
143.0,-7.1363,-0.0156
143.1,-7.1418,-0.0156
143.2,-7.1469,-0.0156
143.3,-7.151,-0.0156
143.4,-7.1556,-0.0156
143.5,-7.1609,-0.0156
143.6,-7.1659,-0.0156
143.7,-7.1712,-0.0157
143.8,-7.1766,-0.0157
143.9,-7.1815,-0.0157
144.0,-7.1863,-0.0157
144.1,-7.1917,-0.0158
144.2,-7.1973,-0.0158
144.3,-7.2017,-0.0158
144.4,-7.2059,-0.0158
144.5,-7.211,-0.0159
144.6,-7.216,-0.0158
144.7,-7.2211,-0.0159
144.8,-7.2263,-0.0159
144.9,-7.2312,-0.0159
145.0,-7.2358,-0.0159
145.1,-7.2407,-0.0159
145.2,-7.2464,-0.016
145.3,-7.2515,-0.016
145.4,-7.2557,-0.016
145.5,-7.2606,-0.016
145.6,-7.266,-0.016
145.7,-7.2712,-0.0161
145.8,-7.2768,-0.0161
145.9,-7.2819,-0.0161
146.0,-7.2865,-0.0161
146.1,-7.2912,-0.0161
146.2,-7.2965,-0.0162
146.3,-7.3018,-0.0162
146.4,-7.3061,-0.0162
146.5,-7.3105,-0.0162
146.6,-7.3159,-0.0162
146.7,-7.3211,-0.0163
146.8,-7.3266,-0.0163
146.9,-7.3321,-0.0163
147.0,-7.3368,-0.0163
147.1,-7.3411,-0.0164
147.2,-7.346,-0.0164
147.3,-7.3514,-0.0164
147.4,-7.3562,-0.0164
147.5,-7.3604,-0.0164
147.6,-7.3653,-0.0164
147.7,-7.3707,-0.0165
147.8,-7.3761,-0.0165
147.9,-7.3817,-0.0165
148.0,-7.3868,-0.0165
148.1,-7.3916,-0.0165
148.2,-7.3964,-0.0166
148.3,-7.4019,-0.0166
148.4,-7.4069,-0.0166
148.5,-7.4111,-0.0166
148.6,-7.4157,-0.0166
148.7,-7.4211,-0.0166
148.8,-7.4265,-0.0167
148.9,-7.432,-0.0167
149.0,-7.4371,-0.0167
149.1,-7.4418,-0.0167
149.2,-7.4463,-0.0167
149.3,-7.4515,-0.0168
149.4,-7.457,-0.0168
149.5,-7.4614,-0.0168
149.6,-7.4655,-0.0168
149.7,-7.4704,-0.0169
149.8,-7.4756,-0.0169
149.9,-7.4808,-0.0169
150.0,-7.4866,-0.0169
150.1,-7.4919,-0.0169
150.2,-7.4966,-0.017
150.3,-7.5015,-0.017
150.4,-7.5069,-0.017
150.5,-7.5117,-0.017
150.6,-7.5159,-0.017
150.7,-7.5206,-0.0171
150.8,-7.526,-0.0171
150.9,-7.5311,-0.0171
151.0,-7.5367,-0.0171
151.1,-7.5419,-0.0171
151.2,-7.5463,-0.0172
151.3,-7.5508,-0.0172
151.4,-7.5561,-0.0172
151.5,-7.5616,-0.0172
151.6,-7.5661,-0.0172
151.7,-7.5706,-0.0173
151.8,-7.5758,-0.0173
151.9,-7.5811,-0.0173
152.0,-7.5862,-0.0173
152.1,-7.5917,-0.0173
152.2,-7.5968,-0.0174
152.3,-7.6015,-0.0174
152.4,-7.6066,-0.0174
152.5,-7.6122,-0.0174
152.6,-7.6168,-0.0174
152.7,-7.6209,-0.0175
152.8,-7.6256,-0.0175
152.9,-7.6309,-0.0175
153.0,-7.636,-0.0175
153.1,-7.6416,-0.0175
153.2,-7.6468,-0.0176
153.3,-7.6514,-0.0176
153.4,-7.6561,-0.0176
153.5,-7.6615,-0.0176
153.6,-7.6667,-0.0176
153.7,-7.6709,-0.0177
153.8,-7.6752,-0.0177
153.9,-7.6805,-0.0177
154.0,-7.6856,-0.0177
154.1,-7.6911,-0.0177
154.2,-7.6969,-0.0178
154.3,-7.7019,-0.0178
154.4,-7.7065,-0.0178
154.5,-7.7114,-0.0178
154.6,-7.7168,-0.0179
154.7,-7.7214,-0.0179
154.8,-7.7255,-0.0179
154.9,-7.7305,-0.0179
155.0,-7.7359,-0.0179
155.1,-7.7417,-0.018
155.2,-7.7474,-0.018
155.3,-7.7523,-0.018
155.4,-7.7567,-0.018
155.5,-7.7615,-0.0181
155.6,-7.767,-0.0181
155.7,-7.7718,-0.0181
155.8,-7.7758,-0.0181
155.9,-7.7802,-0.0181
156.0,-7.7856,-0.0181
156.1,-7.7907,-0.0182
156.2,-7.7961,-0.0182
156.3,-7.8018,-0.0182
156.4,-7.8068,-0.0182
156.5,-7.8115,-0.0183
156.6,-7.8167,-0.0183
156.7,-7.822,-0.0183
156.8,-7.8264,-0.0183
156.9,-7.8306,-0.0183
157.0,-7.8356,-0.0184
157.1,-7.8407,-0.0184
157.2,-7.8459,-0.0184
157.3,-7.8516,-0.0184
157.4,-7.8567,-0.0185
157.5,-7.8612,-0.0185
157.6,-7.8662,-0.0185
157.7,-7.8719,-0.0185
157.8,-7.8767,-0.0185
157.9,-7.8809,-0.0186
158.0,-7.8856,-0.0186
158.1,-7.8909,-0.0186
158.2,-7.896,-0.0186
158.3,-7.9017,-0.0187
158.4,-7.9071,-0.0187
158.5,-7.9118,-0.0187
158.6,-7.9163,-0.0187
158.7,-7.9216,-0.0187
158.8,-7.9269,-0.0188
158.9,-7.9312,-0.0188
159.0,-7.9356,-0.0188
159.1,-7.9408,-0.0188
159.2,-7.9457,-0.0189
159.3,-7.9511,-0.0189
159.4,-7.9566,-0.0189
159.5,-7.9614,-0.0189
159.6,-7.9658,-0.0189
159.7,-7.9708,-0.019
159.8,-7.9764,-0.019
159.9,-7.9814,-0.019
160.0,-7.9857,-0.019
160.1,-7.9907,-0.0191
160.2,-7.996,-0.0191
160.3,-8.0012,-0.0191
160.4,-8.0069,-0.0191
160.5,-8.0121,-0.0191
160.6,-8.0167,-0.0192
160.7,-8.0215,-0.0192
160.8,-8.027,-0.0192
160.9,-8.032,-0.0192
161.0,-8.036,-0.0192
161.1,-8.0403,-0.0193
161.2,-8.0457,-0.0193
161.3,-8.0511,-0.0193
161.4,-8.0566,-0.0194
161.5,-8.062,-0.0194
161.6,-8.0667,-0.0194
161.7,-8.0712,-0.0194
161.8,-8.0763,-0.0194
161.9,-8.0815,-0.0195
162.0,-8.0859,-0.0195
162.1,-8.0902,-0.0195
162.2,-8.0954,-0.0195
162.3,-8.1009,-0.0195
162.4,-8.1064,-0.0196
162.5,-8.1122,-0.0196
162.6,-8.1172,-0.0196
162.7,-8.1216,-0.0196
162.8,-8.1263,-0.0197
162.9,-8.1317,-0.0197
163.0,-8.1366,-0.0197
163.1,-8.1407,-0.0197
163.2,-8.1453,-0.0197
163.3,-8.1508,-0.0198
163.4,-8.1561,-0.0198
163.5,-8.1618,-0.0198
163.6,-8.1668,-0.0198
163.7,-8.1713,-0.0199
163.8,-8.176,-0.0199
163.9,-8.1814,-0.0199
164.0,-8.1869,-0.0199
164.1,-8.1913,-0.02
164.2,-8.1956,-0.02
164.3,-8.2007,-0.02
164.4,-8.2058,-0.02
164.5,-8.211,-0.02
164.6,-8.2168,-0.0201
164.7,-8.2221,-0.0201
164.8,-8.2268,-0.0201
164.9,-8.2317,-0.0201
165.0,-8.237,-0.0202
165.1,-8.2415,-0.0202
165.2,-8.2455,-0.0202
165.3,-8.2502,-0.0202
165.4,-8.2557,-0.0203
165.5,-8.2611,-0.0203
165.6,-8.2669,-0.0203
165.7,-8.272,-0.0203
165.8,-8.2765,-0.0204
165.9,-8.2811,-0.0204
166.0,-8.2865,-0.0204
166.1,-8.2916,-0.0204
166.2,-8.2958,-0.0204
166.3,-8.3002,-0.0205
166.4,-8.3056,-0.0205
166.5,-8.3109,-0.0205
166.6,-8.3164,-0.0205
166.7,-8.322,-0.0206
166.8,-8.327,-0.0206
166.9,-8.3314,-0.0206
167.0,-8.3364,-0.0206
167.1,-8.3417,-0.0207
167.2,-8.3463,-0.0207
167.3,-8.3504,-0.0207
167.4,-8.3554,-0.0207
167.5,-8.361,-0.0207
167.6,-8.3665,-0.0208
167.7,-8.372,-0.0208
167.8,-8.3771,-0.0208
167.9,-8.3815,-0.0209
168.0,-8.3863,-0.0209
168.1,-8.3919,-0.0209
168.2,-8.3969,-0.0209
168.3,-8.4011,-0.0209
168.4,-8.4058,-0.021
168.5,-8.4112,-0.021
168.6,-8.4161,-0.021
168.7,-8.4213,-0.021
168.8,-8.4266,-0.0211
168.9,-8.4315,-0.0211
169.0,-8.4361,-0.0211
169.1,-8.4413,-0.0211
169.2,-8.4468,-0.0212
169.3,-8.4513,-0.0212
169.4,-8.4554,-0.0212
169.5,-8.4605,-0.0212
169.6,-8.4658,-0.0213
169.7,-8.4711,-0.0213
169.8,-8.4769,-0.0213
169.9,-8.4819,-0.0213
170.0,-8.4865,-0.0214
170.1,-8.4916,-0.0214
170.2,-8.4971,-0.0214
170.3,-8.5018,-0.0214
170.4,-8.5058,-0.0215
170.5,-8.5104,-0.0215
170.6,-8.5159,-0.0215
170.7,-8.5211,-0.0215
170.8,-8.5268,-0.0216
170.9,-8.5321,-0.0216
171.0,-8.5367,-0.0216
171.1,-8.5412,-0.0216
171.2,-8.5461,-0.0217
171.3,-8.5514,-0.0217
171.4,-8.556,-0.0217
171.5,-8.5604,-0.0217
171.6,-8.5658,-0.0218
171.7,-8.5711,-0.0218
171.8,-8.5767,-0.0218
171.9,-8.582,-0.0218
172.0,-8.5867,-0.0219
172.1,-8.5912,-0.0219
172.2,-8.5963,-0.0219
172.3,-8.6019,-0.0219
172.4,-8.6065,-0.022
172.5,-8.6106,-0.022
172.6,-8.6155,-0.022
172.7,-8.6207,-0.022
172.8,-8.6258,-0.022
172.9,-8.6312,-0.0221
173.0,-8.6367,-0.0221
173.1,-8.6417,-0.0221
173.2,-8.6466,-0.0222
173.3,-8.6521,-0.0222
173.4,-8.6571,-0.0222
173.5,-8.6612,-0.0222
173.6,-8.6654,-0.0223
173.7,-8.6707,-0.0223
173.8,-8.676,-0.0223
173.9,-8.6816,-0.0223
174.0,-8.6872,-0.0224
174.1,-8.6921,-0.0224
174.2,-8.6967,-0.0224
174.3,-8.7019,-0.0224
174.4,-8.7072,-0.0225
174.5,-8.7115,-0.0225
174.6,-8.7155,-0.0225
174.7,-8.7204,-0.0225
174.8,-8.7257,-0.0225
174.9,-8.7309,-0.0226
175.0,-8.7364,-0.0226
175.1,-8.7417,-0.0226
175.2,-8.7463,-0.0226
175.3,-8.7511,-0.0227
175.4,-8.7565,-0.0227
175.5,-8.7614,-0.0227
175.6,-8.7656,-0.0227
175.7,-8.7703,-0.0228
175.8,-8.7759,-0.0228
175.9,-8.7812,-0.0228
176.0,-8.787,-0.0229
176.1,-8.7921,-0.0229
176.2,-8.7965,-0.0229
176.3,-8.8011,-0.0229
176.4,-8.8064,-0.023
176.5,-8.812,-0.023
176.6,-8.8164,-0.023
176.7,-8.8208,-0.023
176.8,-8.8259,-0.0231
176.9,-8.8309,-0.0231
177.0,-8.8361,-0.0231
177.1,-8.8418,-0.0231
177.2,-8.8469,-0.0232
177.3,-8.8515,-0.0232
177.4,-8.8564,-0.0232
177.5,-8.8618,-0.0232
177.6,-8.8665,-0.0233
177.7,-8.8706,-0.0233
177.8,-8.8754,-0.0233
177.9,-8.8809,-0.0233
178.0,-8.8863,-0.0234
178.1,-8.8921,-0.0234
178.2,-8.8972,-0.0234
178.3,-8.9017,-0.0235
178.4,-8.9062,-0.0235
178.5,-8.9115,-0.0235
178.6,-8.9165,-0.0235
178.7,-8.9207,-0.0236
178.8,-8.9251,-0.0236
178.9,-8.9304,-0.0236
179.0,-8.9357,-0.0236
179.1,-8.941,-0.0237
179.2,-8.9467,-0.0237
179.3,-8.9516,-0.0237
179.4,-8.956,-0.0237
179.5,-8.961,-0.0238
179.6,-8.9667,-0.0238
179.7,-8.9716,-0.0238
179.8,-8.9759,-0.0238
179.9,-8.981,-0.0238
180.0,-8.9864,-0.0239
180.1,-8.9918,-0.0239
180.2,-8.9973,-0.024
180.3,-9.0021,-0.024
180.4,-9.0065,-0.024
180.5,-9.0112,-0.024
180.6,-9.0168,-0.0241
180.7,-9.0219,-0.0241
180.8,-9.0261,-0.0241
180.9,-9.0307,-0.0241
181.0,-9.0361,-0.0241
181.1,-9.0409,-0.0242
181.2,-9.0461,-0.0242
181.3,-9.0516,-0.0242
181.4,-9.0566,-0.0243
181.5,-9.0612,-0.0243
181.6,-9.0665,-0.0243
181.7,-9.0719,-0.0243
181.8,-9.0763,-0.0244
181.9,-9.0805,-0.0244
182.0,-9.0855,-0.0244
182.1,-9.0908,-0.0244
182.2,-9.0962,-0.0245
182.3,-9.1019,-0.0245
182.4,-9.107,-0.0245
182.5,-9.1116,-0.0246
182.6,-9.1165,-0.0246
182.7,-9.1218,-0.0246
182.8,-9.1265,-0.0246
182.9,-9.1306,-0.0247
183.0,-9.1353,-0.0247
183.1,-9.1408,-0.0247
183.2,-9.1461,-0.0247
183.3,-9.1517,-0.0248
183.4,-9.1571,-0.0248
183.5,-9.1617,-0.0248
183.6,-9.1663,-0.0249
183.7,-9.1715,-0.0249
183.8,-9.1768,-0.0249
183.9,-9.181,-0.0249
184.0,-9.1854,-0.0249
184.1,-9.1909,-0.025
184.2,-9.1961,-0.025
184.3,-9.2016,-0.025
184.4,-9.2068,-0.0251
184.5,-9.2115,-0.0251
184.6,-9.216,-0.0251
184.7,-9.221,-0.0252
184.8,-9.2265,-0.0252
184.9,-9.2313,-0.0252
185.0,-9.2355,-0.0252
185.1,-9.2405,-0.0252
185.2,-9.246,-0.0253
185.3,-9.251,-0.0253
185.4,-9.2564,-0.0253
185.5,-9.2617,-0.0254
185.6,-9.2663,-0.0254
185.7,-9.2711,-0.0254
185.8,-9.2766,-0.0255
185.9,-9.2819,-0.0255
186.0,-9.286,-0.0255
186.1,-9.2904,-0.0255
186.2,-9.2959,-0.0256
186.3,-9.3014,-0.0256
186.4,-9.3071,-0.0256
186.5,-9.3125,-0.0257
186.6,-9.3171,-0.0257
186.7,-9.3216,-0.0257
186.8,-9.3268,-0.0257
186.9,-9.3318,-0.0257
187.0,-9.3361,-0.0258
187.1,-9.3404,-0.0258
187.2,-9.3455,-0.0258
187.3,-9.351,-0.0259
187.4,-9.3561,-0.0259
187.5,-9.3616,-0.0259
187.6,-9.3668,-0.026
187.7,-9.3713,-0.026
187.8,-9.3759,-0.026
187.9,-9.3813,-0.026
188.0,-9.3864,-0.0261
188.1,-9.3906,-0.0261
188.2,-9.3954,-0.0261
188.3,-9.401,-0.0261
188.4,-9.4063,-0.0262
188.5,-9.412,-0.0262
188.6,-9.4171,-0.0263
188.7,-9.4217,-0.0263
188.8,-9.4262,-0.0263
188.9,-9.4316,-0.0263
189.0,-9.4369,-0.0264
189.1,-9.4412,-0.0264
189.2,-9.4455,-0.0264
189.3,-9.4506,-0.0264
189.4,-9.4557,-0.0265
189.5,-9.4609,-0.0265
189.6,-9.4665,-0.0265
189.7,-9.4717,-0.0266
189.8,-9.4764,-0.0266
189.9,-9.4816,-0.0266
190.0,-9.4872,-0.0266
190.1,-9.4918,-0.0267
190.2,-9.4958,-0.0267
190.3,-9.5005,-0.0267
190.4,-9.5058,-0.0268
190.5,-9.5111,-0.0268
190.6,-9.5167,-0.0268
190.7,-9.5218,-0.0268
190.8,-9.5264,-0.0269
190.9,-9.5311,-0.0269
191.0,-9.5364,-0.0269
191.1,-9.5416,-0.027
191.2,-9.5459,-0.027
191.3,-9.5504,-0.027
191.4,-9.5558,-0.027
191.5,-9.5608,-0.0271
191.6,-9.5662,-0.0271
191.7,-9.5719,-0.0271
191.8,-9.5769,-0.0272
191.9,-9.5813,-0.0272
192.0,-9.5863,-0.0272
192.1,-9.5917,-0.0273
192.2,-9.5962,-0.0273
192.3,-9.6003,-0.0273
192.4,-9.6054,-0.0273
192.5,-9.6111,-0.0274
192.6,-9.6168,-0.0274
192.7,-9.6226,-0.0274
192.8,-9.6275,-0.0275
192.9,-9.6317,-0.0275
193.0,-9.6363,-0.0275
193.1,-9.6417,-0.0275
193.2,-9.6468,-0.0276
193.3,-9.651,-0.0276
193.4,-9.6555,-0.0276
193.5,-9.6608,-0.0277
193.6,-9.6656,-0.0277
193.7,-9.6708,-0.0277
193.8,-9.6765,-0.0278
193.9,-9.6816,-0.0278
194.0,-9.6863,-0.0278
194.1,-9.6917,-0.0278
194.2,-9.6972,-0.0279
194.3,-9.7015,-0.0279
194.4,-9.7057,-0.0279
194.5,-9.7108,-0.028
194.6,-9.7161,-0.028
194.7,-9.7215,-0.028
194.8,-9.727,-0.0281
194.9,-9.7319,-0.0281
195.0,-9.7362,-0.0281
195.1,-9.7411,-0.0281
195.2,-9.7465,-0.0282
195.3,-9.7514,-0.0282
195.4,-9.7555,-0.0282
195.5,-9.7601,-0.0282
195.6,-9.7656,-0.0283
195.7,-9.7709,-0.0283
195.8,-9.7764,-0.0284
195.9,-9.7819,-0.0284
196.0,-9.7868,-0.0284
196.1,-9.7912,-0.0284
196.2,-9.7966,-0.0285
196.3,-9.802,-0.0285
196.4,-9.8063,-0.0285
196.5,-9.8106,-0.0285
196.6,-9.816,-0.0286
196.7,-9.8213,-0.0286
196.8,-9.8267,-0.0286
196.9,-9.832,-0.0287
197.0,-9.8366,-0.0287
197.1,-9.8411,-0.0287
197.2,-9.846,-0.0288
197.3,-9.8514,-0.0288
197.4,-9.8563,-0.0288
197.5,-9.8606,-0.0288
197.6,-9.8655,-0.0289
197.7,-9.8707,-0.0289
197.8,-9.8757,-0.0289
197.9,-9.8812,-0.029
198.0,-9.8866,-0.029
198.1,-9.8914,-0.029
198.2,-9.8965,-0.0291
198.3,-9.9022,-0.0291
198.4,-9.9073,-0.0291
198.5,-9.9113,-0.0291
198.6,-9.9157,-0.0292
198.7,-9.921,-0.0292
198.8,-9.9262,-0.0293
198.9,-9.9317,-0.0293
199.0,-9.9373,-0.0293
199.1,-9.942,-0.0293
199.2,-9.9465,-0.0294
199.3,-9.9517,-0.0294
199.4,-9.9567,-0.0294
199.5,-9.961,-0.0295
199.6,-9.9652,-0.0295
199.7,-9.9703,-0.0295
199.8,-9.9757,-0.0296
199.9,-9.981,-0.0296
200.0,-9.9868,-0.0296
200.1,-9.9922,-0.0297
200.2,-9.9966,-0.0297
200.3,-10.0014,-0.0297
200.4,-10.0068,-0.0298
200.5,-10.0118,-0.0298
200.6,-10.0159,-0.0298
200.7,-10.0206,-0.0298
200.8,-10.026,-0.0299
200.9,-10.0312,-0.0299
201.0,-10.0368,-0.0299
201.1,-10.0419,-0.03
201.2,-10.0464,-0.03
201.3,-10.0511,-0.03
201.4,-10.0564,-0.0301
201.5,-10.0617,-0.0301
201.6,-10.066,-0.0301
201.7,-10.0703,-0.0301
201.8,-10.0755,-0.0302
201.9,-10.0808,-0.0302
202.0,-10.0864,-0.0303
202.1,-10.0923,-0.0303
202.2,-10.0972,-0.0303
202.3,-10.1016,-0.0303
202.4,-10.1065,-0.0304
202.5,-10.1119,-0.0304
202.6,-10.1168,-0.0304
202.7,-10.1208,-0.0305
202.8,-10.1255,-0.0305
202.9,-10.1309,-0.0305
203.0,-10.1362,-0.0306
203.1,-10.1418,-0.0306
203.2,-10.147,-0.0306
203.3,-10.1517,-0.0307
203.4,-10.1563,-0.0307
203.5,-10.1614,-0.0307
203.6,-10.1664,-0.0308
203.7,-10.1706,-0.0308
203.8,-10.1749,-0.0308
203.9,-10.1801,-0.0308
204.0,-10.1855,-0.0309
204.1,-10.1912,-0.0309
204.2,-10.197,-0.031
204.3,-10.202,-0.031
204.4,-10.2065,-0.031
204.5,-10.2115,-0.031
204.6,-10.2169,-0.0311
204.7,-10.2215,-0.0311
204.8,-10.2257,-0.0311
204.9,-10.2307,-0.0312
205.0,-10.2362,-0.0312
205.1,-10.2416,-0.0312
205.2,-10.2471,-0.0313
205.3,-10.2521,-0.0313
205.4,-10.2565,-0.0313
205.5,-10.2613,-0.0314
205.6,-10.267,-0.0314
205.7,-10.272,-0.0314
205.8,-10.2761,-0.0315
205.9,-10.2805,-0.0315
206.0,-10.2857,-0.0315
206.1,-10.2907,-0.0316
206.2,-10.2962,-0.0316
206.3,-10.3018,-0.0316
206.4,-10.3068,-0.0317
206.5,-10.3115,-0.0317
206.6,-10.3169,-0.0317
206.7,-10.3222,-0.0318
206.8,-10.3265,-0.0318
206.9,-10.3305,-0.0318
207.0,-10.3355,-0.0319
207.1,-10.3405,-0.0319
207.2,-10.3458,-0.0319
207.3,-10.3516,-0.032
207.4,-10.3569,-0.032
207.5,-10.3614,-0.032
207.6,-10.3663,-0.0321
207.7,-10.3716,-0.0321
207.8,-10.3763,-0.0321
207.9,-10.3805,-0.0321
208.0,-10.3853,-0.0322
208.1,-10.3909,-0.0322
208.2,-10.3962,-0.0323
208.3,-10.4019,-0.0323
208.4,-10.4073,-0.0323
208.5,-10.412,-0.0324
208.6,-10.4165,-0.0324
208.7,-10.4215,-0.0324
208.8,-10.4268,-0.0325
208.9,-10.4311,-0.0325
209.0,-10.4354,-0.0325
209.1,-10.4406,-0.0325
209.2,-10.4457,-0.0326
209.3,-10.4511,-0.0326
209.4,-10.4565,-0.0327
209.5,-10.4614,-0.0327
209.6,-10.4661,-0.0327
209.7,-10.4713,-0.0328
209.8,-10.4767,-0.0328
209.9,-10.4814,-0.0328
210.0,-10.4855,-0.0329
210.1,-10.4904,-0.0329
210.2,-10.4958,-0.0329
210.3,-10.5011,-0.033
210.4,-10.5069,-0.033
210.5,-10.5123,-0.033
210.6,-10.5168,-0.0331
210.7,-10.5214,-0.0331
210.8,-10.5267,-0.0331
210.9,-10.5318,-0.0332
211.0,-10.5361,-0.0332
211.1,-10.5405,-0.0332
211.2,-10.5459,-0.0333
211.3,-10.5513,-0.0333
211.4,-10.557,-0.0334
211.5,-10.5622,-0.0334
211.6,-10.5668,-0.0334
211.7,-10.5712,-0.0334
211.8,-10.5763,-0.0335
211.9,-10.5815,-0.0335
212.0,-10.5859,-0.0336
212.1,-10.5902,-0.0336
212.2,-10.5954,-0.0336
212.3,-10.6009,-0.0337
212.4,-10.6062,-0.0337
212.5,-10.6118,-0.0337
212.6,-10.617,-0.0338
212.7,-10.6217,-0.0338
212.8,-10.6265,-0.0338
212.9,-10.6318,-0.0339
213.0,-10.6366,-0.0339
213.1,-10.6408,-0.0339
213.2,-10.6454,-0.034
213.3,-10.6508,-0.034
213.4,-10.656,-0.034
213.5,-10.6616,-0.0341
213.6,-10.6667,-0.0341
213.7,-10.6712,-0.0342
213.8,-10.6757,-0.0342
213.9,-10.6811,-0.0342
214.0,-10.6867,-0.0343
214.1,-10.6913,-0.0343
214.2,-10.6957,-0.0343
214.3,-10.701,-0.0344
214.4,-10.7062,-0.0344
214.5,-10.7113,-0.0344
214.6,-10.7167,-0.0345
214.7,-10.7219,-0.0345
214.8,-10.7265,-0.0346
214.9,-10.7315,-0.0346
215.0,-10.7372,-0.0346
215.1,-10.7418,-0.0347
215.2,-10.7458,-0.0347
215.3,-10.7504,-0.0347
215.4,-10.7556,-0.0348
215.5,-10.7606,-0.0348
215.6,-10.7664,-0.0348
215.7,-10.7718,-0.0349
215.8,-10.7765,-0.0349
215.9,-10.7814,-0.0349
216.0,-10.7869,-0.035
216.1,-10.7918,-0.035
216.2,-10.7959,-0.0351
216.3,-10.8003,-0.0351
216.4,-10.8057,-0.0351
216.5,-10.8109,-0.0352
216.6,-10.8163,-0.0352
216.7,-10.8219,-0.0353
216.8,-10.8268,-0.0353
216.9,-10.8313,-0.0353
217.0,-10.8361,-0.0354
217.1,-10.8415,-0.0354
217.2,-10.8462,-0.0354
217.3,-10.8505,-0.0355
217.4,-10.8558,-0.0355
217.5,-10.8613,-0.0355
217.6,-10.8667,-0.0356
217.7,-10.8722,-0.0356
217.8,-10.8771,-0.0357
217.9,-10.8815,-0.0357
218.0,-10.8863,-0.0357
218.1,-10.8919,-0.0358
218.2,-10.897,-0.0358
218.3,-10.9011,-0.0358
218.4,-10.9056,-0.0359
218.5,-10.9109,-0.0359
218.6,-10.9158,-0.036
218.7,-10.9212,-0.036
218.8,-10.9268,-0.036
218.9,-10.9317,-0.0361
219.0,-10.9363,-0.0361
219.1,-10.9414,-0.0362
219.2,-10.9467,-0.0362
219.3,-10.9511,-0.0362
219.4,-10.9552,-0.0362
219.5,-10.9602,-0.0363
219.6,-10.9657,-0.0363
219.7,-10.9714,-0.0364
219.8,-10.9772,-0.0364
219.9,-10.982,-0.0365
220.0,-10.9864,-0.0365
220.1,-10.9913,-0.0365
220.2,-10.997,-0.0366
220.3,-11.0018,-0.0366
220.4,-11.0059,-0.0366
220.5,-11.0106,-0.0367
220.6,-11.0162,-0.0367
220.7,-11.0212,-0.0367
220.8,-11.0265,-0.0368
220.9,-11.032,-0.0368
221.0,-11.0366,-0.0369
221.1,-11.0411,-0.0369
221.2,-11.0462,-0.0369
221.3,-11.0515,-0.037
221.4,-11.0559,-0.037
221.5,-11.0604,-0.0371
221.6,-11.0658,-0.0371
221.7,-11.0711,-0.0371
221.8,-11.0765,-0.0372
221.9,-11.0818,-0.0372
222.0,-11.0867,-0.0373
222.1,-11.0913,-0.0373
222.2,-11.0962,-0.0373
222.3,-11.1018,-0.0374
222.4,-11.1066,-0.0374
222.5,-11.1107,-0.0374
222.6,-11.1155,-0.0375
222.7,-11.1207,-0.0375
222.8,-11.1257,-0.0376
222.9,-11.1313,-0.0376
223.0,-11.1367,-0.0377
223.1,-11.1414,-0.0377
223.2,-11.1463,-0.0377
223.3,-11.1521,-0.0378
223.4,-11.157,-0.0378
223.5,-11.1612,-0.0379
223.6,-11.1656,-0.0379
223.7,-11.1709,-0.0379
223.8,-11.1761,-0.038
223.9,-11.1816,-0.038
224.0,-11.187,-0.0381
224.1,-11.1918,-0.0381
224.2,-11.1965,-0.0381
224.3,-11.2018,-0.0382
224.4,-11.2072,-0.0382
224.5,-11.2114,-0.0383
224.6,-11.2156,-0.0383
224.7,-11.2207,-0.0383
224.8,-11.2259,-0.0384
224.9,-11.2311,-0.0384
225.0,-11.2367,-0.0385
225.1,-11.242,-0.0385
225.2,-11.2465,-0.0385
225.3,-11.2511,-0.0386
225.4,-11.2564,-0.0386
225.5,-11.2614,-0.0387
225.6,-11.2656,-0.0387
225.7,-11.2703,-0.0387
225.8,-11.2758,-0.0388
225.9,-11.2811,-0.0388
226.0,-11.2868,-0.0389
226.1,-11.2918,-0.0389
226.2,-11.2964,-0.0389
226.3,-11.3011,-0.039
226.4,-11.3066,-0.039
226.5,-11.3122,-0.0391
226.6,-11.3165,-0.0391
226.7,-11.3207,-0.0391
226.8,-11.3257,-0.0392
226.9,-11.3309,-0.0392
227.0,-11.3362,-0.0393
227.1,-11.3418,-0.0393
227.2,-11.347,-0.0394
227.3,-11.3516,-0.0394
227.4,-11.3565,-0.0394
227.5,-11.3619,-0.0395
227.6,-11.3666,-0.0395
227.7,-11.3707,-0.0396
227.8,-11.3753,-0.0396
227.9,-11.3808,-0.0396
228.0,-11.3862,-0.0397
228.1,-11.3921,-0.0397
228.2,-11.3973,-0.0398
228.3,-11.4018,-0.0398
228.4,-11.4064,-0.0399
228.5,-11.4116,-0.0399
228.6,-11.4164,-0.0399
228.7,-11.4205,-0.04
228.8,-11.4247,-0.04
228.9,-11.43,-0.04
229.0,-11.4353,-0.0401
229.1,-11.4408,-0.0401
229.2,-11.4466,-0.0402
229.3,-11.4517,-0.0402
229.4,-11.4562,-0.0403
229.5,-11.4613,-0.0403
229.6,-11.4669,-0.0404
229.7,-11.4716,-0.0404
229.8,-11.4759,-0.0404
229.9,-11.4812,-0.0405
230.0,-11.4866,-0.0405
230.1,-11.4919,-0.0406
230.2,-11.4972,-0.0406
230.3,-11.502,-0.0407
230.4,-11.5064,-0.0407
230.5,-11.5112,-0.0407
230.6,-11.5169,-0.0408
230.7,-11.522,-0.0408
230.8,-11.5262,-0.0409
230.9,-11.5308,-0.0409
231.0,-11.536,-0.041
231.1,-11.5409,-0.041
231.2,-11.546,-0.041
231.3,-11.5514,-0.0411
231.4,-11.5563,-0.0411
231.5,-11.5611,-0.0412
231.6,-11.5665,-0.0412
231.7,-11.572,-0.0413
231.8,-11.5765,-0.0413
231.9,-11.5806,-0.0413
232.0,-11.5857,-0.0414
232.1,-11.5909,-0.0414
232.2,-11.5963,-0.0415
232.3,-11.6018,-0.0415
232.4,-11.6067,-0.0416
232.5,-11.6111,-0.0416
232.6,-11.616,-0.0417
232.7,-11.6215,-0.0417
232.8,-11.6264,-0.0417
232.9,-11.6307,-0.0418
233.0,-11.6354,-0.0418
233.1,-11.6409,-0.0419
233.2,-11.6462,-0.0419
233.3,-11.6518,-0.042
233.4,-11.6571,-0.042
233.5,-11.6617,-0.0421
233.6,-11.6661,-0.0421
233.7,-11.6712,-0.0422
233.8,-11.6767,-0.0422
233.9,-11.681,-0.0422
234.0,-11.6854,-0.0423
234.1,-11.6908,-0.0423
234.2,-11.6962,-0.0424
234.3,-11.7019,-0.0424
234.4,-11.7072,-0.0425
234.5,-11.7117,-0.0425
234.6,-11.7161,-0.0425
234.7,-11.721,-0.0426
234.8,-11.7266,-0.0427
234.9,-11.7313,-0.0427
235.0,-11.7355,-0.0427
235.1,-11.7404,-0.0428
235.2,-11.7458,-0.0428
235.3,-11.7509,-0.0429
235.4,-11.7563,-0.0429
235.5,-11.7616,-0.043
235.6,-11.7665,-0.043
235.7,-11.7713,-0.0431
235.8,-11.7767,-0.0431
235.9,-11.7816,-0.0432
236.0,-11.7859,-0.0432
236.1,-11.7904,-0.0432
236.2,-11.7958,-0.0433
236.3,-11.8014,-0.0433
236.4,-11.8072,-0.0434
236.5,-11.8126,-0.0435
236.6,-11.8172,-0.0435
236.7,-11.8217,-0.0435
236.8,-11.8268,-0.0436
236.9,-11.8319,-0.0436
237.0,-11.8361,-0.0437
237.1,-11.8403,-0.0437
237.2,-11.8454,-0.0437
237.3,-11.8509,-0.0438
237.4,-11.8562,-0.0439
237.5,-11.8619,-0.0439
237.6,-11.867,-0.044
237.7,-11.8714,-0.044
237.8,-11.876,-0.044
237.9,-11.8813,-0.0441
238.0,-11.8861,-0.0441
238.1,-11.8903,-0.0442
238.2,-11.8951,-0.0442
238.3,-11.9009,-0.0443
238.4,-11.9064,-0.0443
238.5,-11.9121,-0.0444
238.6,-11.9172,-0.0444
238.7,-11.9217,-0.0445
238.8,-11.9263,-0.0445
238.9,-11.9316,-0.0446
239.0,-11.9367,-0.0446
239.1,-11.941,-0.0446
239.2,-11.9455,-0.0447
239.3,-11.9508,-0.0447
239.4,-11.956,-0.0448
239.5,-11.9612,-0.0448
239.6,-11.9666,-0.0449
239.7,-11.9716,-0.0449
239.8,-11.9762,-0.045
239.9,-11.9811,-0.045
240.0,-11.9867,-0.0451
240.1,-11.9918,-0.0451
240.2,-11.9961,-0.0452
240.3,-12.0009,-0.0452
240.4,-12.0062,-0.0453
240.5,-12.0113,-0.0453
240.6,-12.0168,-0.0454
240.7,-12.0219,-0.0454
240.8,-12.0265,-0.0455
240.9,-12.0311,-0.0455
241.0,-12.0365,-0.0456
241.1,-12.0417,-0.0456
241.2,-12.0459,-0.0457
241.3,-12.0502,-0.0457
241.4,-12.0555,-0.0457
241.5,-12.0608,-0.0458
241.6,-12.0662,-0.0458
241.7,-12.0717,-0.0459
241.8,-12.0767,-0.046
241.9,-12.0812,-0.046
242.0,-12.0862,-0.046
242.1,-12.0917,-0.0461
242.2,-12.0963,-0.0461
242.3,-12.1006,-0.0462
242.4,-12.1057,-0.0462
242.5,-12.1112,-0.0463
242.6,-12.1167,-0.0463
242.7,-12.1223,-0.0464
242.8,-12.1271,-0.0465
242.9,-12.1315,-0.0465
243.0,-12.1363,-0.0465
243.1,-12.1417,-0.0466
243.2,-12.1468,-0.0466
243.3,-12.151,-0.0467
243.4,-12.1555,-0.0467
243.5,-12.1609,-0.0468
243.6,-12.1658,-0.0468
243.7,-12.171,-0.0469
243.8,-12.1765,-0.0469
243.9,-12.1816,-0.047
244.0,-12.1863,-0.047
244.1,-12.1917,-0.0471
244.2,-12.1971,-0.0472
244.3,-12.2014,-0.0472
244.4,-12.2056,-0.0472
244.5,-12.2107,-0.0473
244.6,-12.216,-0.0473
244.7,-12.2215,-0.0474
244.8,-12.2274,-0.0475
244.9,-12.2323,-0.0475
245.0,-12.2366,-0.0475
245.1,-12.2416,-0.0476
245.2,-12.2468,-0.0477
245.3,-12.2513,-0.0477
245.4,-12.2554,-0.0477
245.5,-12.2598,-0.0478
245.6,-12.2652,-0.0478
245.7,-12.2703,-0.0479
245.8,-12.2759,-0.048
245.9,-12.2816,-0.048
246.0,-12.2865,-0.0481
246.1,-12.2911,-0.0481
246.2,-12.2965,-0.0482
246.3,-12.3019,-0.0482
246.4,-12.3063,-0.0483
246.5,-12.3108,-0.0483
246.6,-12.3163,-0.0484
246.7,-12.3215,-0.0484
246.8,-12.3269,-0.0485
246.9,-12.3321,-0.0485
247.0,-12.3366,-0.0486
247.1,-12.3411,-0.0486
247.2,-12.3461,-0.0487
247.3,-12.3517,-0.0488
247.4,-12.3565,-0.0488
247.5,-12.3606,-0.0488
247.6,-12.3654,-0.0489
247.7,-12.3707,-0.049
247.8,-12.3757,-0.049
247.9,-12.3811,-0.0491
248.0,-12.3866,-0.0491
248.1,-12.3914,-0.0492
248.2,-12.3963,-0.0492
248.3,-12.402,-0.0493
248.4,-12.4071,-0.0493
248.5,-12.4113,-0.0494
248.6,-12.4157,-0.0494
248.7,-12.4211,-0.0495
248.8,-12.4265,-0.0496
248.9,-12.4321,-0.0496
249.0,-12.4375,-0.0497
249.1,-12.4421,-0.0497
249.2,-12.4464,-0.0498
249.3,-12.4515,-0.0498
249.4,-12.4568,-0.0499
249.5,-12.4611,-0.0499
249.6,-12.4653,-0.05
249.7,-12.4704,-0.05
249.8,-12.4757,-0.0501
249.9,-12.481,-0.0502
250.0,-12.4867,-0.0502
250.1,-12.4919,-0.0503
250.2,-12.4967,-0.0504
250.3,-12.5015,-0.0504
250.4,-12.507,-0.0505
250.5,-12.5118,-0.0506
250.6,-12.5158,-0.0506
250.7,-12.5204,-0.0507
250.8,-12.5259,-0.0507
250.9,-12.531,-0.0508
251.0,-12.5366,-0.0509
251.1,-12.5418,-0.051
251.2,-12.5463,-0.051
251.3,-12.5509,-0.0511
251.4,-12.5561,-0.0511
251.5,-12.5617,-0.0512
251.6,-12.5662,-0.0513
251.7,-12.5705,-0.0513
251.8,-12.5758,-0.0514
251.9,-12.5811,-0.0515
252.0,-12.5864,-0.0515
252.1,-12.5921,-0.0516
252.2,-12.597,-0.0517
252.3,-12.6015,-0.0517
252.4,-12.6066,-0.0518
252.5,-12.6121,-0.0519
252.6,-12.6166,-0.0519
252.7,-12.6207,-0.052
252.8,-12.6254,-0.052
252.9,-12.6307,-0.0521
253.0,-12.6359,-0.0522
253.1,-12.6415,-0.0522
253.2,-12.6468,-0.0523
253.3,-12.6515,-0.0524
253.4,-12.6563,-0.0524
253.5,-12.6617,-0.0525
253.6,-12.6667,-0.0526
253.7,-12.6709,-0.0526
253.8,-12.6753,-0.0526
253.9,-12.6807,-0.0527
254.0,-12.6858,-0.0528
254.1,-12.6912,-0.0528
254.2,-12.697,-0.0529
254.3,-12.702,-0.053
254.4,-12.7066,-0.053
254.5,-12.7115,-0.0531
254.6,-12.7169,-0.0532
254.7,-12.7215,-0.0532
254.8,-12.7256,-0.0533
254.9,-12.7306,-0.0533
255.0,-12.7361,-0.0534
255.1,-12.7414,-0.0535
255.2,-12.7469,-0.0535
255.3,-12.752,-0.0536
255.4,-12.7566,-0.0537
255.5,-12.7614,-0.0537
255.6,-12.7669,-0.0538
255.7,-12.7719,-0.0539
255.8,-12.776,-0.0539
255.9,-12.7807,-0.054
256.0,-12.786,-0.054
256.1,-12.7908,-0.0541
256.2,-12.7961,-0.0542
256.3,-12.8017,-0.0543
256.4,-12.8066,-0.0543
256.5,-12.8112,-0.0544
256.6,-12.8165,-0.0544
256.7,-12.8218,-0.0545
256.8,-12.8263,-0.0546
256.9,-12.8306,-0.0546
257.0,-12.8357,-0.0547
257.1,-12.841,-0.0548
257.2,-12.8464,-0.0548
257.3,-12.8519,-0.0549
257.4,-12.8568,-0.055
257.5,-12.8612,-0.055
257.6,-12.8661,-0.0551
257.7,-12.8716,-0.0552
257.8,-12.8764,-0.0552
257.9,-12.8806,-0.0553
258.0,-12.8855,-0.0554
258.1,-12.8909,-0.0554
258.2,-12.8961,-0.0555
258.3,-12.9017,-0.0556
258.4,-12.9071,-0.0557
258.5,-12.9118,-0.0557
258.6,-12.9165,-0.0558
258.7,-12.9218,-0.0558
258.8,-12.9271,-0.0559
258.9,-12.9312,-0.056
259.0,-12.9356,-0.056
259.1,-12.9409,-0.0561
259.2,-12.946,-0.0562
259.3,-12.9512,-0.0562
259.4,-12.9564,-0.0563
259.5,-12.9611,-0.0563
259.6,-12.9657,-0.0564
259.7,-12.971,-0.0565
259.8,-12.9767,-0.0566
259.9,-12.9813,-0.0566
260.0,-12.9855,-0.0566
260.1,-12.9905,-0.0567
260.2,-12.9959,-0.0568
260.3,-13.0011,-0.0569
260.4,-13.0067,-0.057
260.5,-13.0121,-0.057
260.6,-13.0167,-0.0571
260.7,-13.0215,-0.0571
260.8,-13.0268,-0.0572
260.9,-13.0318,-0.0573
261.0,-13.0359,-0.0573
261.1,-13.0404,-0.0574
261.2,-13.0459,-0.0575
261.3,-13.0512,-0.0575
261.4,-13.0565,-0.0576
261.5,-13.0618,-0.0577
261.6,-13.0667,-0.0577
261.7,-13.0714,-0.0578
261.8,-13.0768,-0.0579
261.9,-13.0822,-0.058
262.0,-13.0865,-0.058
262.1,-13.0906,-0.058
262.2,-13.0955,-0.0581
262.3,-13.1007,-0.0582
262.4,-13.1058,-0.0582
262.5,-13.1114,-0.0583
262.6,-13.1166,-0.0584
262.7,-13.1212,-0.0584
262.8,-13.1259,-0.0585
262.9,-13.1314,-0.0586
263.0,-13.1365,-0.0587
263.1,-13.1408,-0.0587
263.2,-13.1455,-0.0588
263.3,-13.1511,-0.0588
263.4,-13.1563,-0.0589
263.5,-13.1618,-0.059
263.6,-13.1668,-0.0591
263.7,-13.1713,-0.0591
263.8,-13.1759,-0.0592
263.9,-13.1812,-0.0592
264.0,-13.1869,-0.0593
264.1,-13.1913,-0.0594
264.2,-13.1957,-0.0594
264.3,-13.2011,-0.0595
264.4,-13.2062,-0.0596
264.5,-13.2113,-0.0596
264.6,-13.2169,-0.0597
264.7,-13.222,-0.0598
264.8,-13.2266,-0.0598
264.9,-13.2316,-0.0599
265.0,-13.2369,-0.06
265.1,-13.2416,-0.06
265.2,-13.2457,-0.0601
265.3,-13.2502,-0.0601
265.4,-13.2555,-0.0602
265.5,-13.2607,-0.0603
265.6,-13.2665,-0.0604
265.7,-13.2719,-0.0605
265.8,-13.2766,-0.0605
265.9,-13.2813,-0.0606
266.0,-13.2867,-0.0606
266.1,-13.2917,-0.0607
266.2,-13.2958,-0.0608
266.3,-13.3003,-0.0608
266.4,-13.3057,-0.0609
266.5,-13.311,-0.061
266.6,-13.3164,-0.0611
266.7,-13.3218,-0.0611
266.8,-13.3267,-0.0612
266.9,-13.3312,-0.0613
267.0,-13.3363,-0.0613
267.1,-13.3418,-0.0614
267.2,-13.3464,-0.0615
267.3,-13.3506,-0.0615
267.4,-13.3557,-0.0616
267.5,-13.3611,-0.0617
267.6,-13.3666,-0.0618
267.7,-13.3721,-0.0618
267.8,-13.377,-0.0619
267.9,-13.3814,-0.0619
268.0,-13.3862,-0.062
268.1,-13.3918,-0.0621
268.2,-13.3969,-0.0622
268.3,-13.4011,-0.0622
268.4,-13.4057,-0.0623
268.5,-13.411,-0.0624
268.6,-13.4159,-0.0624
268.7,-13.4212,-0.0625
268.8,-13.4267,-0.0626
268.9,-13.4317,-0.0627
269.0,-13.4364,-0.0627
269.1,-13.4415,-0.0628
269.2,-13.4469,-0.0629
269.3,-13.4513,-0.0629
269.4,-13.4555,-0.063
269.5,-13.4604,-0.063
269.6,-13.4656,-0.0631
269.7,-13.4708,-0.0632
269.8,-13.4765,-0.0633
269.9,-13.4817,-0.0633
270.0,-13.4865,-0.0634
270.1,-13.4918,-0.0635
270.2,-13.4973,-0.0636
270.3,-13.5019,-0.0636
270.4,-13.5058,-0.0637
270.5,-13.5105,-0.0637
270.6,-13.5159,-0.0638
270.7,-13.521,-0.0639
270.8,-13.5267,-0.064
270.9,-13.5322,-0.0641
271.0,-13.5368,-0.0641
271.1,-13.5413,-0.0642
271.2,-13.5463,-0.0643
271.3,-13.5515,-0.0643
271.4,-13.5558,-0.0644
271.5,-13.5602,-0.0644
271.6,-13.5655,-0.0645
271.7,-13.5709,-0.0646
271.8,-13.5764,-0.0647
271.9,-13.5819,-0.0648
272.0,-13.5869,-0.0649
272.1,-13.5914,-0.0649
272.2,-13.5965,-0.065
272.3,-13.6019,-0.0651
272.4,-13.6065,-0.0651
272.5,-13.6107,-0.0652
272.6,-13.6155,-0.0652
272.7,-13.6208,-0.0653
272.8,-13.6258,-0.0654
272.9,-13.6313,-0.0655
273.0,-13.6367,-0.0656
273.1,-13.6414,-0.0657
273.2,-13.6463,-0.0657
273.3,-13.6517,-0.0658
273.4,-13.6568,-0.0659
273.5,-13.661,-0.0659
273.6,-13.6653,-0.066
273.7,-13.6709,-0.0661
273.8,-13.6764,-0.0662
273.9,-13.6822,-0.0663
274.0,-13.6876,-0.0664
274.1,-13.6921,-0.0664
274.2,-13.6965,-0.0665
274.3,-13.7015,-0.0666
274.4,-13.7067,-0.0666
274.5,-13.7112,-0.0667
274.6,-13.7155,-0.0667
274.7,-13.7206,-0.0668
274.8,-13.7259,-0.0669
274.9,-13.7311,-0.067
275.0,-13.7367,-0.0671
275.1,-13.7419,-0.0672
275.2,-13.7465,-0.0672
275.3,-13.7512,-0.0673
275.4,-13.7565,-0.0674
275.5,-13.7616,-0.0675
275.6,-13.7658,-0.0675
275.7,-13.7704,-0.0676
275.8,-13.7759,-0.0677
275.9,-13.7811,-0.0677
276.0,-13.7867,-0.0679
276.1,-13.7919,-0.0679
276.2,-13.7965,-0.068
276.3,-13.8011,-0.0681
276.4,-13.8064,-0.0681
276.5,-13.8118,-0.0682
276.6,-13.8163,-0.0683
276.7,-13.8206,-0.0683
276.8,-13.8257,-0.0684
276.9,-13.8309,-0.0685
277.0,-13.8362,-0.0686
277.1,-13.8417,-0.0687
277.2,-13.8469,-0.0688
277.3,-13.8516,-0.0688
277.4,-13.8566,-0.0689
277.5,-13.862,-0.069
277.6,-13.8666,-0.0691
277.7,-13.8707,-0.0691
277.8,-13.8754,-0.0692
277.9,-13.8807,-0.0693
278.0,-13.8859,-0.0694
278.1,-13.8918,-0.0695
278.2,-13.8973,-0.0696
278.3,-13.9019,-0.0696
278.4,-13.9065,-0.0697
278.5,-13.9118,-0.0698
278.6,-13.9166,-0.0699
278.7,-13.9208,-0.0699
278.8,-13.9251,-0.07
278.9,-13.9303,-0.0701
279.0,-13.9355,-0.0701
279.1,-13.941,-0.0702
279.2,-13.9468,-0.0703
279.3,-13.9517,-0.0704
279.4,-13.9562,-0.0705
279.5,-13.9612,-0.0706
279.6,-13.9666,-0.0707
279.7,-13.9713,-0.0707
279.8,-13.9755,-0.0708
279.9,-13.9806,-0.0709
280.0,-13.986,-0.071
280.1,-13.9914,-0.0711
280.2,-13.9971,-0.0712
280.3,-14.0022,-0.0713
280.4,-14.0067,-0.0713
280.5,-14.0116,-0.0714
280.6,-14.0171,-0.0715
280.7,-14.022,-0.0716
280.8,-14.0262,-0.0717
280.9,-14.0308,-0.0717
281.0,-14.0361,-0.0718
281.1,-14.0409,-0.0719
281.2,-14.0461,-0.072
281.3,-14.0515,-0.0721
281.4,-14.0564,-0.0722
281.5,-14.0611,-0.0723
281.6,-14.0664,-0.0724
281.7,-14.0718,-0.0725
281.8,-14.0763,-0.0725
281.9,-14.0804,-0.0726
282.0,-14.0854,-0.0727
282.1,-14.0907,-0.0728
282.2,-14.0962,-0.0729
282.3,-14.1021,-0.073
282.4,-14.1071,-0.0731
282.5,-14.1117,-0.0732
282.6,-14.1167,-0.0733
282.7,-14.1222,-0.0733
282.8,-14.1267,-0.0734
282.9,-14.1307,-0.0735
283.0,-14.1353,-0.0736
283.1,-14.1407,-0.0737
283.2,-14.1458,-0.0737
283.3,-14.1514,-0.0739
283.4,-14.1568,-0.074
283.5,-14.1616,-0.0741
283.6,-14.1663,-0.0741
283.7,-14.1714,-0.0742
283.8,-14.1768,-0.0743
283.9,-14.1811,-0.0744
284.0,-14.1854,-0.0745
284.1,-14.1907,-0.0746
284.2,-14.1961,-0.0747
284.3,-14.2016,-0.0748
284.4,-14.207,-0.0749
284.5,-14.2117,-0.075
284.6,-14.2163,-0.075
284.7,-14.2215,-0.0751
284.8,-14.2269,-0.0752
284.9,-14.2313,-0.0753
285.0,-14.2353,-0.0754
285.1,-14.2402,-0.0754
285.2,-14.2456,-0.0756
285.3,-14.2507,-0.0757
285.4,-14.2561,-0.0758
285.5,-14.2617,-0.0759
285.6,-14.2665,-0.076
285.7,-14.2714,-0.0761
285.8,-14.2768,-0.0762
285.9,-14.2819,-0.0763
286.0,-14.286,-0.0763
286.1,-14.2905,-0.0764
286.2,-14.296,-0.0765
286.3,-14.3015,-0.0766
286.4,-14.307,-0.0767
286.5,-14.3123,-0.0768
286.6,-14.3169,-0.0769
286.7,-14.3213,-0.077
286.8,-14.3265,-0.0771
286.9,-14.332,-0.0772
287.0,-14.3363,-0.0772
287.1,-14.3406,-0.0773
287.2,-14.3456,-0.0774
287.3,-14.3508,-0.0775
287.4,-14.356,-0.0776
287.5,-14.3615,-0.0777
287.6,-14.3667,-0.0778
287.7,-14.3712,-0.0779
287.8,-14.3759,-0.078
287.9,-14.3814,-0.0781
288.0,-14.3865,-0.0782
288.1,-14.3908,-0.0783
288.2,-14.3956,-0.0784
288.3,-14.401,-0.0785
288.4,-14.4062,-0.0786
288.5,-14.4117,-0.0787
288.6,-14.4169,-0.0788
288.7,-14.4214,-0.0789
288.8,-14.4262,-0.079
288.9,-14.4317,-0.0791
289.0,-14.4372,-0.0792
289.1,-14.4414,-0.0793
289.2,-14.4456,-0.0793
289.3,-14.4508,-0.0794
289.4,-14.456,-0.0795
289.5,-14.4611,-0.0796
289.6,-14.4666,-0.0798
289.7,-14.4717,-0.0799
289.8,-14.4763,-0.0799
289.9,-14.4813,-0.08
290.0,-14.4867,-0.0801
290.1,-14.4913,-0.0802
290.2,-14.4954,-0.0803
290.3,-14.5001,-0.0804
290.4,-14.5055,-0.0805
290.5,-14.5109,-0.0806
290.6,-14.5169,-0.0807
290.7,-14.5222,-0.0809
290.8,-14.5268,-0.0809
290.9,-14.5315,-0.081
291.0,-14.5367,-0.0811
291.1,-14.5416,-0.0812
291.2,-14.5457,-0.0813
291.3,-14.55,-0.0814
291.4,-14.5553,-0.0815
291.5,-14.5607,-0.0816
291.6,-14.5662,-0.0817
291.7,-14.5719,-0.0818
291.8,-14.5768,-0.0819
291.9,-14.5814,-0.082
292.0,-14.5865,-0.0821
292.1,-14.5919,-0.0822
292.2,-14.5964,-0.0823
292.3,-14.6006,-0.0824
292.4,-14.6056,-0.0825
292.5,-14.6111,-0.0826
292.6,-14.6164,-0.0827
292.7,-14.6223,-0.0828
292.8,-14.6273,-0.0829
292.9,-14.6317,-0.083
293.0,-14.6363,-0.0831
293.1,-14.6418,-0.0832
293.2,-14.6468,-0.0833
293.3,-14.6509,-0.0834
293.4,-14.6554,-0.0835
293.5,-14.6607,-0.0836
293.6,-14.6659,-0.0837
293.7,-14.6713,-0.0838
293.8,-14.6767,-0.084
293.9,-14.6817,-0.0841
294.0,-14.6863,-0.0842
294.1,-14.6915,-0.0843
294.2,-14.6969,-0.0844
294.3,-14.7013,-0.0845
294.4,-14.7056,-0.0845
294.5,-14.7109,-0.0847
294.6,-14.7161,-0.0848
294.7,-14.7215,-0.0849
294.8,-14.727,-0.0851
294.9,-14.7319,-0.0852
295.0,-14.7364,-0.0853
295.1,-14.7413,-0.0854
295.2,-14.7468,-0.0855
295.3,-14.7515,-0.0856
295.4,-14.7555,-0.0857
295.5,-14.76,-0.0857
295.6,-14.7655,-0.0859
295.7,-14.7708,-0.086
295.8,-14.7764,-0.0862
295.9,-14.7819,-0.0863
296.0,-14.7868,-0.0864
296.1,-14.7914,-0.0865
296.2,-14.7966,-0.0866
296.3,-14.802,-0.0867
296.4,-14.8062,-0.0868
296.5,-14.8105,-0.0869
296.6,-14.8158,-0.087
296.7,-14.8209,-0.0871
296.8,-14.8263,-0.0873
296.9,-14.8319,-0.0874
297.0,-14.8368,-0.0875
297.1,-14.8414,-0.0876
297.2,-14.8463,-0.0877
297.3,-14.8517,-0.0879
297.4,-14.8563,-0.0879
297.5,-14.8604,-0.088
297.6,-14.8652,-0.0881
297.7,-14.8707,-0.0883
297.8,-14.8757,-0.0884
297.9,-14.8811,-0.0885
298.0,-14.8867,-0.0886
298.1,-14.8916,-0.0888
298.2,-14.8964,-0.0889
298.3,-14.9019,-0.089
298.4,-14.9071,-0.0891
298.5,-14.9113,-0.0892
298.6,-14.9158,-0.0893
298.7,-14.9211,-0.0894
298.8,-14.9264,-0.0896
298.9,-14.9319,-0.0897
299.0,-14.9372,-0.0898
299.1,-14.9419,-0.0899
299.2,-14.9464,-0.09
299.3,-14.9516,-0.0901
299.4,-14.9571,-0.0903
299.5,-14.9614,-0.0903
299.6,-14.9654,-0.0904
299.7,-14.9704,-0.0905
299.8,-14.9757,-0.0907
299.9,-14.9808,-0.0908
300.0,-14.9864,-0.0909
300.1,-14.9918,-0.0911
300.2,-14.9964,-0.0911
300.3,-15.0011,-0.0913
300.4,-15.0065,-0.0914
300.5,-15.0115,-0.0915
300.6,-15.0157,-0.0916
300.7,-15.0205,-0.0917
300.8,-15.0261,-0.0919
300.9,-15.0313,-0.092
301.0,-15.0368,-0.0921
301.1,-15.042,-0.0922
301.2,-15.0465,-0.0923
301.3,-15.0512,-0.0924
301.4,-15.0565,-0.0925
301.5,-15.0619,-0.0927
301.6,-15.0663,-0.0927
301.7,-15.0704,-0.0928
301.8,-15.0756,-0.093
301.9,-15.0809,-0.0931
302.0,-15.086,-0.0932
302.1,-15.0916,-0.0934
302.2,-15.0969,-0.0935
302.3,-15.1016,-0.0936
302.4,-15.1066,-0.0937
302.5,-15.1121,-0.0939
302.6,-15.1168,-0.094
302.7,-15.1209,-0.094
302.8,-15.1256,-0.0941
302.9,-15.1309,-0.0943
303.0,-15.136,-0.0944
303.1,-15.1418,-0.0946
303.2,-15.1469,-0.0947
303.3,-15.1513,-0.0948
303.4,-15.1559,-0.0949
303.5,-15.1613,-0.095
303.6,-15.1665,-0.0952
303.7,-15.1707,-0.0952
303.8,-15.1751,-0.0953
303.9,-15.1806,-0.0955
304.0,-15.186,-0.0956
304.1,-15.1915,-0.0958
304.2,-15.197,-0.0959
304.3,-15.2019,-0.096
304.4,-15.2064,-0.0961
304.5,-15.2114,-0.0962
304.6,-15.2167,-0.0964
304.7,-15.2214,-0.0965
304.8,-15.2256,-0.0966
304.9,-15.2308,-0.0967
305.0,-15.2362,-0.0968
305.1,-15.2415,-0.097
305.2,-15.2471,-0.0971
305.3,-15.2519,-0.0972
305.4,-15.2564,-0.0973
305.5,-15.2612,-0.0974
305.6,-15.2669,-0.0976
305.7,-15.2719,-0.0977
305.8,-15.276,-0.0978
305.9,-15.2806,-0.0979
306.0,-15.286,-0.098
306.1,-15.2911,-0.0982
306.2,-15.2963,-0.0983
306.3,-15.3019,-0.0985
306.4,-15.3067,-0.0986
306.5,-15.3112,-0.0987
306.6,-15.3165,-0.0988
306.7,-15.3219,-0.099
306.8,-15.3263,-0.099
306.9,-15.3305,-0.0991
307.0,-15.3356,-0.0993
307.1,-15.3407,-0.0994
307.2,-15.346,-0.0995
307.3,-15.3516,-0.0997
307.4,-15.3567,-0.0998
307.5,-15.3614,-0.0999
307.6,-15.3664,-0.1001
307.7,-15.372,-0.1002
307.8,-15.3767,-0.1003
307.9,-15.3807,-0.1004
308.0,-15.3853,-0.1005
308.1,-15.3907,-0.1007
308.2,-15.396,-0.1008
308.3,-15.4017,-0.101
308.4,-15.4072,-0.1011
308.5,-15.412,-0.1012
308.6,-15.4165,-0.1013
308.7,-15.4217,-0.1015
308.8,-15.4268,-0.1016
308.9,-15.431,-0.1017
309.0,-15.4352,-0.1018
309.1,-15.4404,-0.1019
309.2,-15.4456,-0.1021
309.3,-15.451,-0.1022
309.4,-15.4566,-0.1024
309.5,-15.4615,-0.1025
309.6,-15.466,-0.1026
309.7,-15.4713,-0.1028
309.8,-15.4771,-0.1029
309.9,-15.4817,-0.103
310.0,-15.4858,-0.1031
310.1,-15.4906,-0.1032
310.2,-15.4959,-0.1034
310.3,-15.501,-0.1035
310.4,-15.5063,-0.1037
310.5,-15.5116,-0.1038
310.6,-15.5165,-0.104
310.7,-15.5214,-0.1041
310.8,-15.5268,-0.1042
310.9,-15.5319,-0.1044
311.0,-15.5362,-0.1045
311.1,-15.5407,-0.1046
311.2,-15.5461,-0.1047
311.3,-15.5514,-0.1049
311.4,-15.5569,-0.1051
311.5,-15.5623,-0.1052
311.6,-15.5668,-0.1053
311.7,-15.5711,-0.1054
311.8,-15.5761,-0.1056
311.9,-15.5816,-0.1057
312.0,-15.5862,-0.1058
312.1,-15.5904,-0.1059
312.2,-15.5954,-0.1061
312.3,-15.6007,-0.1062
312.4,-15.606,-0.1064
312.5,-15.6117,-0.1066
312.6,-15.6169,-0.1067
312.7,-15.6216,-0.1068
312.8,-15.6263,-0.107
312.9,-15.6318,-0.1071
313.0,-15.6367,-0.1073
313.1,-15.6408,-0.1074
313.2,-15.6454,-0.1075
313.3,-15.6508,-0.1077
313.4,-15.6559,-0.1078
313.5,-15.6615,-0.108
313.6,-15.6667,-0.1082
313.7,-15.6713,-0.1083
313.8,-15.676,-0.1084
313.9,-15.6814,-0.1086
314.0,-15.687,-0.1088
314.1,-15.6914,-0.1089
314.2,-15.6957,-0.109
314.3,-15.7009,-0.1091
314.4,-15.7061,-0.1093
314.5,-15.7113,-0.1095
314.6,-15.7167,-0.1096
314.7,-15.7217,-0.1098
314.8,-15.7263,-0.1099
314.9,-15.7314,-0.11
315.0,-15.737,-0.1102
315.1,-15.7417,-0.1103
315.2,-15.7458,-0.1104
315.3,-15.7504,-0.1106
315.4,-15.7557,-0.1107
315.5,-15.7609,-0.1109
315.6,-15.7665,-0.1111
315.7,-15.7717,-0.1112
315.8,-15.7763,-0.1114
315.9,-15.7812,-0.1115
316.0,-15.7869,-0.1117
316.1,-15.7919,-0.1118
316.2,-15.7959,-0.1119
316.3,-15.8002,-0.112
316.4,-15.8055,-0.1122
316.5,-15.8108,-0.1124
316.6,-15.8162,-0.1125
316.7,-15.8217,-0.1127
316.8,-15.8267,-0.1128
316.9,-15.8312,-0.113
317.0,-15.8362,-0.1131
317.1,-15.8416,-0.1133
317.2,-15.8461,-0.1134
317.3,-15.8504,-0.1135
317.4,-15.8556,-0.1137
317.5,-15.8614,-0.1139
317.6,-15.8671,-0.1141
317.7,-15.8727,-0.1143
317.8,-15.8773,-0.1144
317.9,-15.8815,-0.1145
318.0,-15.8863,-0.1146
318.1,-15.8919,-0.1148
318.2,-15.8969,-0.115
318.3,-15.901,-0.1151
318.4,-15.9056,-0.1152
318.5,-15.911,-0.1154
318.6,-15.9159,-0.1155
318.7,-15.921,-0.1157
318.8,-15.9265,-0.1159
318.9,-15.9313,-0.116
319.0,-15.9358,-0.1162
319.1,-15.941,-0.1163
319.2,-15.9465,-0.1165
319.3,-15.951,-0.1166
319.4,-15.9553,-0.1168
319.5,-15.9605,-0.117
319.6,-15.966,-0.1171
319.7,-15.9715,-0.1173
319.8,-15.9771,-0.1175
319.9,-15.9819,-0.1177
320.0,-15.9863,-0.1178
320.1,-15.9913,-0.1179
320.2,-15.997,-0.1181
320.3,-16.0018,-0.1183
320.4,-16.0058,-0.1184
320.5,-16.0104,-0.1185
320.6,-16.016,-0.1187
320.7,-16.0212,-0.1189
320.8,-16.0268,-0.1191
320.9,-16.0322,-0.1193
321.0,-16.0368,-0.1194
321.1,-16.0413,-0.1195
321.2,-16.0464,-0.1197
321.3,-16.0516,-0.1199
321.4,-16.0558,-0.12
321.5,-16.0602,-0.1201
321.6,-16.0656,-0.1203
321.7,-16.0709,-0.1205
321.8,-16.0765,-0.1207
321.9,-16.0821,-0.1209
322.0,-16.0868,-0.121
322.1,-16.0912,-0.1211
322.2,-16.0963,-0.1213
322.3,-16.102,-0.1215
322.4,-16.1066,-0.1217
322.5,-16.1107,-0.1217
322.6,-16.1156,-0.1219
322.7,-16.1208,-0.1221
322.8,-16.1257,-0.1223
322.9,-16.1313,-0.1225
323.0,-16.1367,-0.1227
323.1,-16.1415,-0.1228
323.2,-16.1463,-0.123
323.3,-16.1519,-0.1232
323.4,-16.1569,-0.1233
323.5,-16.1609,-0.1234
323.6,-16.1653,-0.1235
323.7,-16.1708,-0.1238
323.8,-16.1762,-0.124
323.9,-16.1818,-0.1242
324.0,-16.1871,-0.1244
324.1,-16.192,-0.1245
324.2,-16.1966,-0.1246
324.3,-16.2019,-0.1248
324.4,-16.2073,-0.125
324.5,-16.2115,-0.1251
324.6,-16.2156,-0.1252
324.7,-16.2206,-0.1254
324.8,-16.2259,-0.1256
324.9,-16.2311,-0.1258
325.0,-16.2367,-0.126
325.1,-16.2417,-0.1262
325.2,-16.2462,-0.1263
325.3,-16.2509,-0.1265
325.4,-16.2564,-0.1267
325.5,-16.2614,-0.1269
325.6,-16.2656,-0.127
325.7,-16.2703,-0.1271
325.8,-16.2759,-0.1274
325.9,-16.2813,-0.1276
326.0,-16.2869,-0.1278
326.1,-16.2921,-0.128
326.2,-16.2966,-0.1281
326.3,-16.3012,-0.1282
326.4,-16.3064,-0.1284
326.5,-16.3118,-0.1286
326.6,-16.3162,-0.1288
326.7,-16.3206,-0.1289
326.8,-16.3259,-0.1291
326.9,-16.3311,-0.1293
327.0,-16.3363,-0.1295
327.1,-16.3418,-0.1297
327.2,-16.3468,-0.1299
327.3,-16.3516,-0.13
327.4,-16.3567,-0.1302
327.5,-16.3621,-0.1304
327.6,-16.3666,-0.1306
327.7,-16.3706,-0.1307
327.8,-16.3753,-0.1308
327.9,-16.3808,-0.1311
328.0,-16.3861,-0.1313
328.1,-16.392,-0.1315
328.2,-16.3973,-0.1317
328.3,-16.4017,-0.1319
328.4,-16.4062,-0.132
328.5,-16.4116,-0.1322
328.6,-16.4167,-0.1324
328.7,-16.4208,-0.1325
328.8,-16.4251,-0.1327
328.9,-16.4303,-0.1329
329.0,-16.4354,-0.1331
329.1,-16.4407,-0.1333
329.2,-16.4462,-0.1335
329.3,-16.4512,-0.1337
329.4,-16.456,-0.1338
329.5,-16.4612,-0.1341
329.6,-16.467,-0.1343
329.7,-16.4718,-0.1345
329.8,-16.476,-0.1346
329.9,-16.4811,-0.1348
330.0,-16.4865,-0.135
330.1,-16.492,-0.1353
330.2,-16.4972,-0.1355
330.3,-16.5019,-0.1356
330.4,-16.5064,-0.1358
330.5,-16.5113,-0.136
330.6,-16.5171,-0.1362
330.7,-16.5222,-0.1364
330.8,-16.5262,-0.1365
330.9,-16.5307,-0.1367
331.0,-16.5358,-0.1369
331.1,-16.5406,-0.1371
331.2,-16.5458,-0.1373
331.3,-16.5512,-0.1375
331.4,-16.5563,-0.1377
331.5,-16.5611,-0.1379
331.6,-16.5664,-0.1381
331.7,-16.5718,-0.1383
331.8,-16.5762,-0.1385
331.9,-16.5803,-0.1386
332.0,-16.5855,-0.1388
332.1,-16.5909,-0.1391
332.2,-16.5964,-0.1393
332.3,-16.6021,-0.1396
332.4,-16.6071,-0.1398
332.5,-16.6114,-0.1399
332.6,-16.6164,-0.1401
332.7,-16.6219,-0.1403
332.8,-16.6266,-0.1405
332.9,-16.6308,-0.1406
333.0,-16.6356,-0.1408
333.1,-16.6412,-0.1411
333.2,-16.6463,-0.1413
333.3,-16.6516,-0.1415
333.4,-16.657,-0.1417
333.5,-16.6615,-0.1419
333.6,-16.666,-0.1421
333.7,-16.671,-0.1423
333.8,-16.6764,-0.1425
333.9,-16.6808,-0.1427
334.0,-16.6854,-0.1428
334.1,-16.6909,-0.1431
334.2,-16.6963,-0.1433
334.3,-16.7018,-0.1436
334.4,-16.7071,-0.1438
334.5,-16.7118,-0.144
334.6,-16.7162,-0.1441
334.7,-16.7212,-0.1443
334.8,-16.7268,-0.1446
334.9,-16.7316,-0.1448
335.0,-16.7357,-0.1449
335.1,-16.7405,-0.1451
335.2,-16.7457,-0.1453
335.3,-16.7507,-0.1455
335.4,-16.7562,-0.1458
335.5,-16.7613,-0.146
335.6,-16.7661,-0.1462
335.7,-16.771,-0.1464
335.8,-16.7767,-0.1467
335.9,-16.782,-0.1469
336.0,-16.7862,-0.147
336.1,-16.7906,-0.1472
336.2,-16.796,-0.1474
336.3,-16.8013,-0.1477
336.4,-16.8068,-0.1479
336.5,-16.8123,-0.1482
336.6,-16.8172,-0.1484
336.7,-16.8218,-0.1485
336.8,-16.827,-0.1488
336.9,-16.8321,-0.149
337.0,-16.8363,-0.1491
337.1,-16.8404,-0.1493
337.2,-16.8455,-0.1495
337.3,-16.8508,-0.1497
337.4,-16.8559,-0.15
337.5,-16.8616,-0.1502
337.6,-16.8668,-0.1505
337.7,-16.8713,-0.1506
337.8,-16.876,-0.1508
337.9,-16.8812,-0.1511
338.0,-16.8863,-0.1513
338.1,-16.8906,-0.1514
338.2,-16.8953,-0.1516
338.3,-16.901,-0.1519
338.4,-16.9064,-0.1522
338.5,-16.9121,-0.1525
338.6,-16.9171,-0.1527
338.7,-16.9215,-0.1528
338.8,-16.926,-0.153
338.9,-16.9314,-0.1533
339.0,-16.9371,-0.1536
339.1,-16.9414,-0.1537
339.2,-16.9456,-0.1539
339.3,-16.9508,-0.1541
339.4,-16.9558,-0.1544
339.5,-16.961,-0.1546
339.6,-16.9665,-0.1549
339.7,-16.9716,-0.1551
339.8,-16.9762,-0.1553
339.9,-16.9812,-0.1555
340.0,-16.9869,-0.1558
340.1,-16.9916,-0.156
340.2,-16.9957,-0.1561
340.3,-17.0006,-0.1564
340.4,-17.0062,-0.1567
340.5,-17.0115,-0.1569
340.6,-17.017,-0.1572
340.7,-17.0222,-0.1574
340.8,-17.0266,-0.1576
340.9,-17.031,-0.1578
341.0,-17.0363,-0.158
341.1,-17.0415,-0.1583
341.2,-17.0458,-0.1584
341.3,-17.0502,-0.1586
341.4,-17.0555,-0.1589
341.5,-17.0608,-0.1592
341.6,-17.0662,-0.1595
341.7,-17.0717,-0.1597
341.8,-17.0766,-0.1599
341.9,-17.0811,-0.1601
342.0,-17.0863,-0.1604
342.1,-17.092,-0.1607
342.2,-17.0965,-0.1609
342.3,-17.1006,-0.161
342.4,-17.1057,-0.1612
342.5,-17.1113,-0.1615
342.6,-17.1169,-0.1619
342.7,-17.1223,-0.1621
342.8,-17.1271,-0.1623
342.9,-17.1315,-0.1625
343.0,-17.1363,-0.1627
343.1,-17.1417,-0.163
343.2,-17.1467,-0.1632
343.3,-17.1508,-0.1634
343.4,-17.1553,-0.1636
343.5,-17.1608,-0.1639
343.6,-17.1658,-0.1641
343.7,-17.1712,-0.1644
343.8,-17.1765,-0.1647
343.9,-17.1813,-0.1649
344.0,-17.186,-0.1651
344.1,-17.1914,-0.1654
344.2,-17.197,-0.1657
344.3,-17.2014,-0.1659
344.4,-17.2056,-0.166
344.5,-17.2109,-0.1663
344.6,-17.2163,-0.1666
344.7,-17.2218,-0.1669
344.8,-17.2273,-0.1672
344.9,-17.2321,-0.1674
345.0,-17.2364,-0.1676
345.1,-17.2414,-0.1678
345.2,-17.2469,-0.1682
345.3,-17.2516,-0.1684
345.4,-17.2555,-0.1685
345.5,-17.2601,-0.1687
345.6,-17.2655,-0.169
345.7,-17.2707,-0.1693
345.8,-17.2761,-0.1696
345.9,-17.2815,-0.1699
346.0,-17.2864,-0.1701
346.1,-17.291,-0.1703
346.2,-17.2965,-0.1706
346.3,-17.3019,-0.1709
346.4,-17.3061,-0.1711
346.5,-17.3105,-0.1713
346.6,-17.316,-0.1716
346.7,-17.3215,-0.1719
346.8,-17.327,-0.1722
346.9,-17.3322,-0.1725
347.0,-17.3368,-0.1727
347.1,-17.3413,-0.1729
347.2,-17.3463,-0.1731
347.3,-17.3518,-0.1735
347.4,-17.3565,-0.1737
347.5,-17.3605,-0.1738
347.6,-17.3652,-0.1741
347.7,-17.3703,-0.1743
347.8,-17.3751,-0.1746
347.9,-17.3806,-0.1749
348.0,-17.3861,-0.1752
348.1,-17.3912,-0.1755
348.2,-17.3964,-0.1758
348.3,-17.4023,-0.1761
348.4,-17.4076,-0.1764
348.5,-17.4115,-0.1765
348.6,-17.4159,-0.1767
348.7,-17.4211,-0.177
348.8,-17.4263,-0.1773
348.9,-17.4318,-0.1777
349.0,-17.4372,-0.178
349.1,-17.4421,-0.1782
349.2,-17.4467,-0.1784
349.3,-17.452,-0.1787
349.4,-17.457,-0.179
349.5,-17.4611,-0.1791
349.6,-17.4653,-0.1793
349.7,-17.4703,-0.1796
349.8,-17.4757,-0.1799
349.9,-17.481,-0.1802
350.0,-17.4866,-0.1806
350.1,-17.4918,-0.1809
350.2,-17.4964,-0.1811
350.3,-17.5011,-0.1813
350.4,-17.5067,-0.1817
350.5,-17.5117,-0.182
350.6,-17.5158,-0.1821
350.7,-17.5205,-0.1824
350.8,-17.526,-0.1827
350.9,-17.5312,-0.183
351.0,-17.5367,-0.1834
351.1,-17.5419,-0.1837
351.2,-17.5465,-0.1839
351.3,-17.5512,-0.1841
351.4,-17.5566,-0.1845
351.5,-17.562,-0.1848
351.6,-17.5662,-0.1849
351.7,-17.5704,-0.1852
351.8,-17.5757,-0.1855
351.9,-17.581,-0.1858
352.0,-17.5862,-0.1861
352.1,-17.5918,-0.1865
352.2,-17.5968,-0.1867
352.3,-17.6014,-0.187
352.4,-17.6063,-0.1873
352.5,-17.6119,-0.1876
352.6,-17.6167,-0.1879
352.7,-17.6208,-0.188
352.8,-17.6256,-0.1883
352.9,-17.6309,-0.1887
353.0,-17.6361,-0.189
353.1,-17.6416,-0.1893
353.2,-17.6466,-0.1896
353.3,-17.6512,-0.1898
353.4,-17.656,-0.1901
353.5,-17.6616,-0.1905
353.6,-17.6667,-0.1908
353.7,-17.6709,-0.1909
353.8,-17.6753,-0.1912
353.9,-17.6807,-0.1916
354.0,-17.6859,-0.1919
354.1,-17.6913,-0.1923
354.2,-17.6969,-0.1926
354.3,-17.7018,-0.1929
354.4,-17.7064,-0.1931
354.5,-17.7116,-0.1935
354.6,-17.7173,-0.1939
354.7,-17.7216,-0.1941
354.8,-17.7257,-0.1943
354.9,-17.7306,-0.1946
355.0,-17.736,-0.1949
355.1,-17.7414,-0.1953
355.2,-17.7469,-0.1957
355.3,-17.7518,-0.1959
355.4,-17.7563,-0.1962
355.5,-17.7612,-0.1965
355.6,-17.767,-0.1969
355.7,-17.7721,-0.1972
355.8,-17.7761,-0.1974
355.9,-17.7804,-0.1976
356.0,-17.7856,-0.1979
356.1,-17.7906,-0.1983
356.2,-17.7961,-0.1986
356.3,-17.8016,-0.199
356.4,-17.8066,-0.1993
356.5,-17.8114,-0.1996
356.6,-17.8167,-0.2
356.7,-17.8221,-0.2003
356.8,-17.8264,-0.2005
356.9,-17.8304,-0.2007
357.0,-17.8355,-0.2011
357.1,-17.8408,-0.2014
357.2,-17.8462,-0.2018
357.3,-17.8518,-0.2022
357.4,-17.8568,-0.2025
357.5,-17.8613,-0.2027
357.6,-17.8663,-0.2031
357.7,-17.8719,-0.2035
357.8,-17.8765,-0.2037
357.9,-17.8806,-0.2039
358.0,-17.8853,-0.2042
358.1,-17.8908,-0.2046
358.2,-17.8961,-0.205
358.3,-17.9018,-0.2054
358.4,-17.9071,-0.2058
358.5,-17.9117,-0.206
358.6,-17.9161,-0.2063
358.7,-17.9214,-0.2067
358.8,-17.9268,-0.2071
358.9,-17.9311,-0.2073
359.0,-17.9355,-0.2075
359.1,-17.9409,-0.2079
359.2,-17.9462,-0.2083
359.3,-17.9517,-0.2087
359.4,-17.9569,-0.2091
359.5,-17.9614,-0.2093
359.6,-17.9658,-0.2096
359.7,-17.9708,-0.2099
359.8,-17.9764,-0.2104
359.9,-17.9813,-0.2107
360.0,-17.9855,-0.2109
360.1,-17.9903,-0.2112
360.2,-17.9957,-0.2116
360.3,-18.001,-0.212
360.4,-18.0066,-0.2124
360.5,-18.012,-0.2128
360.6,-18.0166,-0.2131
360.7,-18.0214,-0.2134
360.8,-18.0269,-0.2138
360.9,-18.0319,-0.2142
361.0,-18.0359,-0.2144
361.1,-18.0404,-0.2146
361.2,-18.046,-0.2151
361.3,-18.0514,-0.2155
361.4,-18.0568,-0.2159
361.5,-18.0621,-0.2163
361.6,-18.0668,-0.2166
361.7,-18.0713,-0.2169
361.8,-18.0766,-0.2173
361.9,-18.082,-0.2177
362.0,-18.0865,-0.218
362.1,-18.0907,-0.2182
362.2,-18.0958,-0.2186
362.3,-18.1011,-0.219
362.4,-18.1063,-0.2194
362.5,-18.1115,-0.2198
362.6,-18.1165,-0.2202
362.7,-18.121,-0.2205
362.8,-18.1258,-0.2208
362.9,-18.1313,-0.2213
363.0,-18.1363,-0.2216
363.1,-18.1406,-0.2219
363.2,-18.1453,-0.2222
363.3,-18.1509,-0.2226
363.4,-18.1562,-0.223
363.5,-18.1618,-0.2235
363.6,-18.1669,-0.2239
363.7,-18.1714,-0.2242
363.8,-18.1761,-0.2245
363.9,-18.1816,-0.2249
364.0,-18.1871,-0.2254
364.1,-18.1913,-0.2256
364.2,-18.1956,-0.2259
364.3,-18.2007,-0.2263
364.357,-18.2038,-0.2265
