Time,Force,Flexure displacement,Flexure stress
(s),(N),(mm),(MPa)
"0.0000","-0.1270","0.0018","-0.0713"
"0.0200","-0.1289","0.0018","-0.0724"
"0.0400","-0.1047","0.0027","-0.0588"
"0.0600","-0.0572","0.0078","-0.0321"
"0.0800","0.0359","0.0194","0.0201"
"0.0960","0.1391","0.0308","0.0781"
"0.1160","0.2331","0.0455","0.1309"
"0.1360","0.3375","0.0597","0.1895"
"0.1560","0.4222","0.0727","0.2371"
"0.1760","0.4842","0.0846","0.2718"
"0.1960","0.5749","0.0974","0.3228"
"0.2140","0.6768","0.1098","0.3799"
"0.2340","0.7775","0.1233","0.4365"
"0.2540","0.8590","0.1358","0.4822"
"0.2740","0.9603","0.1488","0.5391"
"0.2920","1.0618","0.1613","0.5961"
"0.3120","1.1629","0.1751","0.6529"
"0.3320","1.2675","0.1880","0.7116"
"0.3520","1.3717","0.2007","0.7701"
"0.3720","1.4708","0.2140","0.8257"
"0.3890","1.5743","0.2253","0.8838"
"0.4090","1.6706","0.2382","0.9379"
"0.4290","1.7755","0.2513","0.9968"
"0.4460","1.8795","0.2629","1.0551"
"0.4650","1.9829","0.2759","1.1132"
"0.4820","2.0830","0.2871","1.1694"
"0.4980","2.1850","0.2976","1.2267"
"0.5180","2.2901","0.3112","1.2857"
"0.5340","2.3918","0.3222","1.3427"
"0.5510","2.4953","0.3333","1.4009"
"0.5710","2.5787","0.3457","1.4477"
"0.5880","2.6808","0.3567","1.5050"
"0.6050","2.7834","0.3681","1.5626"
"0.6240","2.8881","0.3809","1.6214"
"0.6420","2.9903","0.3927","1.6787"
"0.6590","3.0920","0.4039","1.7358"
"0.6750","3.1931","0.4151","1.7926"
"0.6920","3.2978","0.4271","1.8514"
"0.7100","3.4020","0.4391","1.9099"
"0.7270","3.5081","0.4501","1.9695"
"0.7450","3.6132","0.4621","2.0285"
"0.7610","3.7154","0.4732","2.0859"
"0.7780","3.8193","0.4851","2.1442"
"0.7960","3.9233","0.4972","2.2026"
"0.8140","4.0248","0.5090","2.2596"
"0.8310","4.1276","0.5201","2.3173"
"0.8480","4.2332","0.5315","2.3765"
"0.8650","4.3386","0.5426","2.4357"
"0.8840","4.4401","0.5544","2.4927"
"0.9010","4.5458","0.5655","2.5521"
"0.9170","4.6478","0.5765","2.6093"
"0.9320","4.7520","0.5869","2.6678"
"0.9480","4.8582","0.5976","2.7274"
"0.9650","4.9600","0.6088","2.7845"
"0.9810","5.0615","0.6197","2.8415"
"0.9970","5.1616","0.6309","2.8978"
"1.0140","5.2625","0.6422","2.9544"
"1.0330","5.3659","0.6540","3.0124"
"1.0490","5.4667","0.6642","3.0690"
"1.0650","5.5727","0.6750","3.1285"
"1.0790","5.6794","0.6849","3.1884"
"1.0940","5.7844","0.6953","3.2474"
"1.1120","5.8871","0.7071","3.3050"
"1.1300","5.9925","0.7187","3.3642"
"1.1460","6.0929","0.7294","3.4206"
"1.1640","6.1951","0.7416","3.4779"
"1.1800","6.3016","0.7522","3.5377"
"1.1950","6.4037","0.7618","3.5951"
"1.2120","6.5053","0.7731","3.6521"
"1.2270","6.6053","0.7837","3.7083"
"1.2410","6.7077","0.7940","3.7657"
"1.2560","6.8127","0.8046","3.8247"
"1.2730","6.9175","0.8157","3.8835"
"1.2890","7.0198","0.8261","3.9409"
"1.3040","7.1244","0.8360","3.9997"
"1.3200","7.2289","0.8464","4.0583"
"1.3390","7.3319","0.8582","4.1161"
"1.3550","7.4392","0.8683","4.1764"
"1.3700","7.5437","0.8783","4.2351"
"1.3860","7.6504","0.8895","4.2950"
"1.4010","7.7562","0.9001","4.3544"
"1.4160","7.8622","0.9102","4.4139"
"1.4320","7.9627","0.9206","4.4703"
"1.4500","8.0646","0.9324","4.5275"
"1.4640","8.1658","0.9420","4.5843"
"1.4780","8.2703","0.9516","4.6430"
"1.4950","8.3707","0.9626","4.6993"
"1.5130","8.4755","0.9739","4.7582"
"1.5280","8.5782","0.9838","4.8158"
"1.5420","8.6846","0.9936","4.8756"
"1.5570","8.7857","1.0042","4.9323"
"1.5730","8.8886","1.0148","4.9901"
"1.5890","8.9916","1.0250","5.0479"
"1.6070","9.0928","1.0366","5.1047"
"1.6230","9.1964","1.0471","5.1629"
"1.6370","9.2980","1.0564","5.2199"
"1.6530","9.4039","1.0669","5.2794"
"1.6680","9.5061","1.0771","5.3367"
"1.6810","9.6073","1.0864","5.3936"
"1.6950","9.7131","1.0967","5.4530"
"1.7100","9.8176","1.1075","5.5116"
"1.7250","9.9178","1.1178","5.5679"
"1.7400","10.0212","1.1274","5.6259"
"1.7580","10.1230","1.1388","5.6831"
"1.7750","10.2248","1.1498","5.7402"
"1.7900","10.3263","1.1595","5.7972"
"1.8070","10.4285","1.1699","5.8546"
"1.8260","10.5306","1.1815","5.9119"
"1.8410","10.6339","1.1915","5.9699"
"1.8540","10.7351","1.2007","6.0267"
"1.8680","10.8373","1.2108","6.0841"
"1.8830","10.9400","1.2212","6.1418"
"1.8980","11.0447","1.2310","6.2006"
"1.9140","11.1470","1.2415","6.2580"
"1.9290","11.2500","1.2518","6.3158"
"1.9450","11.3547","1.2627","6.3746"
"1.9610","11.4567","1.2731","6.4318"
"1.9780","11.5587","1.2838","6.4891"
"1.9950","11.6629","1.2950","6.5476"
"2.0090","11.7635","1.3046","6.6041"
"2.0230","11.8659","1.3143","6.6615"
"2.0390","11.9705","1.3250","6.7203"
"2.0560","12.0737","1.3356","6.7782"
"2.0730","12.1752","1.3462","6.8352"
"2.0890","12.2816","1.3569","6.8949"
"2.1030","12.3826","1.3666","6.9516"
"2.1170","12.4858","1.3763","7.0096"
"2.1310","12.5927","1.3857","7.0696"
"2.1470","12.6981","1.3967","7.1287"
"2.1610","12.7988","1.4069","7.1853"
"2.1740","12.9014","1.4165","7.2429"
"2.1880","13.0047","1.4263","7.3009"
"2.2050","13.1051","1.4372","7.3572"
"2.2220","13.2074","1.4477","7.4147"
"2.2370","13.3084","1.4573","7.4714"
"2.2530","13.4135","1.4677","7.5304"
"2.2690","13.5178","1.4779","7.5889"
"2.2850","13.6201","1.4879","7.6464"
"2.3020","13.7255","1.4990","7.7055"
"2.3160","13.8307","1.5089","7.7646"
"2.3290","13.9352","1.5183","7.8232"
"2.3420","14.0359","1.5276","7.8798"
"2.3570","14.1367","1.5375","7.9364"
"2.3760","14.2425","1.5495","7.9958"
"2.3910","14.3471","1.5593","8.0545"
"2.4050","14.4507","1.5688","8.1127"
"2.4210","14.5559","1.5797","8.1717"
"2.4370","14.6560","1.5902","8.2280"
"2.4510","14.7562","1.5993","8.2842"
"2.4660","14.8564","1.6094","8.3404"
"2.4810","14.9586","1.6197","8.3978"
"2.4950","15.0613","1.6292","8.4554"
"2.5100","15.1642","1.6389","8.5132"
"2.5270","15.2697","1.6496","8.5725"
"2.5440","15.3744","1.6607","8.6312"
"2.5570","15.4760","1.6697","8.6883"
"2.5710","15.5833","1.6795","8.7485"
"2.5850","15.6837","1.6890","8.8049"
"2.6020","15.7882","1.7001","8.8636"
"2.6170","15.8890","1.7103","8.9201"
"2.6300","15.9910","1.7194","8.9774"
"2.6450","16.0973","1.7301","9.0371"
"2.6590","16.1988","1.7397","9.0941"
"2.6740","16.3041","1.7494","9.1532"
"2.6920","16.4065","1.7608","9.2106"
"2.7080","16.5093","1.7712","9.2684"
"2.7220","16.6105","1.7805","9.3252"
"2.7380","16.7139","1.7909","9.3832"
"2.7560","16.8155","1.8025","9.4403"
"2.7690","16.9187","1.8111","9.4982"
"2.7820","17.0222","1.8202","9.5563"
"2.7970","17.1260","1.8307","9.6146"
"2.8130","17.2302","1.8414","9.6731"
"2.8280","17.3305","1.8507","9.7294"
"2.8460","17.4356","1.8621","9.7884"
"2.8610","17.5430","1.8723","9.8487"
"2.8740","17.6479","1.8815","9.9076"
"2.8890","17.7528","1.8919","9.9665"
"2.9050","17.8584","1.9025","10.0258"
"2.9200","17.9588","1.9123","10.0821"
"2.9350","18.0658","1.9225","10.1422"
"2.9500","18.1709","1.9328","10.2012"
"2.9650","18.2763","1.9430","10.2604"
"2.9800","18.3791","1.9527","10.3181"
"2.9970","18.4823","1.9632","10.3760"
"3.0120","18.5863","1.9730","10.4344"
"3.0260","18.6919","1.9826","10.4937"
"3.0400","18.7928","1.9925","10.5503"
"3.0540","18.8936","2.0021","10.6069"
"3.0690","18.9977","2.0119","10.6653"
"3.0850","19.1011","2.0224","10.7234"
"3.1000","19.2045","2.0326","10.7815"
"3.1140","19.3108","2.0423","10.8411"
"3.1290","19.4149","2.0524","10.8996"
"3.1440","19.5166","2.0620","10.9567"
"3.1590","19.6211","2.0718","11.0154"
"3.1740","19.7229","2.0819","11.0725"
"3.1890","19.8299","2.0923","11.1326"
"3.2030","19.9322","2.1017","11.1900"
"3.2190","20.0327","2.1119","11.2464"
"3.2350","20.1355","2.1221","11.3041"
"3.2480","20.2395","2.1308","11.3625"
"3.2610","20.3421","2.1397","11.4201"
"3.2770","20.4470","2.1504","11.4790"
"3.2930","20.5482","2.1608","11.5358"
"3.3070","20.6500","2.1699","11.5930"
"3.3220","20.7511","2.1798","11.6497"
"3.3380","20.8579","2.1909","11.7097"
"3.3520","20.9642","2.2008","11.7694"
"3.3650","21.0697","2.2096","11.8286"
"3.3800","21.1714","2.2192","11.8857"
"3.3970","21.2771","2.2303","11.9451"
"3.4110","21.3815","2.2398","12.0036"
"3.4240","21.4822","2.2489","12.0602"
"3.4390","21.5839","2.2589","12.1173"
"3.4570","21.6906","2.2702","12.1772"
"3.4710","21.7916","2.2789","12.2339"
"3.4860","21.8959","2.2889","12.2924"
"3.5010","21.9966","2.2991","12.3490"
"3.5150","22.1000","2.3086","12.4070"
"3.5300","22.2062","2.3186","12.4667"
"3.5450","22.3096","2.3287","12.5247"
"3.5580","22.4105","2.3379","12.5813"
"3.5710","22.5123","2.3472","12.6385"
"3.5850","22.6165","2.3570","12.6970"
"3.6000","22.7185","2.3668","12.7542"
"3.6180","22.8227","2.3779","12.8128"
"3.6350","22.9297","2.3886","12.8728"
"3.6480","23.0321","2.3974","12.9303"
"3.6620","23.1390","2.4073","12.9903"
"3.6770","23.2452","2.4175","13.0499"
"3.6910","23.3468","2.4265","13.1070"
"3.7060","23.4525","2.4362","13.1663"
"3.7230","23.5579","2.4474","13.2255"
"3.7380","23.6615","2.4576","13.2837"
"3.7510","23.7621","2.4663","13.3401"
"3.7660","23.8675","2.4759","13.3993"
"3.7820","23.9682","2.4863","13.4558"
"3.7960","24.0698","2.4960","13.5129"
"3.8080","24.1721","2.5046","13.5703"
"3.8210","24.2764","2.5138","13.6288"
"3.8370","24.3767","2.5243","13.6851"
"3.8530","24.4780","2.5342","13.7420"
"3.8670","24.5789","2.5430","13.7987"
"3.8830","24.6798","2.5535","13.8553"
"3.8990","24.7872","2.5643","13.9156"
"3.9130","24.8892","2.5735","13.9729"
"3.9280","24.9925","2.5833","14.0309"
"3.9430","25.0988","2.5933","14.0906"
"3.9560","25.1995","2.6024","14.1471"
"3.9690","25.3044","2.6117","14.2060"
"3.9830","25.4068","2.6213","14.2634"
"3.9990","25.5129","2.6316","14.3231"
"4.0150","25.6195","2.6420","14.3829"
"4.0290","25.7266","2.6516","14.4430"
"4.0430","25.8327","2.6616","14.5025"
"4.0570","25.9334","2.6715","14.5591"
"4.0730","26.0371","2.6819","14.6173"
"4.0880","26.1391","2.6914","14.6746"
"4.1020","26.2459","2.7006","14.7345"
"4.1170","26.3504","2.7107","14.7932"
"4.1310","26.4526","2.7202","14.8506"
"4.1460","26.5562","2.7298","14.9087"
"4.1640","26.6577","2.7409","14.9657"
"4.1800","26.7644","2.7514","15.0256"
"4.1920","26.8656","2.7596","15.0824"
"4.2050","26.9684","2.7688","15.1402"
"4.2200","27.0725","2.7791","15.1986"
"4.2350","27.1733","2.7888","15.2552"
"4.2500","27.2795","2.7985","15.3148"
"4.2640","27.3849","2.8081","15.3740"
"4.2760","27.4849","2.8167","15.4301"
"4.2890","27.5912","2.8263","15.4898"
"4.3030","27.6963","2.8360","15.5488"
"4.3180","27.7981","2.8454","15.6059"
"4.3360","27.9003","2.8562","15.6633"
"4.3520","28.0035","2.8662","15.7213"
"4.3660","28.1068","2.8754","15.7793"
"4.3800","28.2124","2.8846","15.8385"
"4.3970","28.3179","2.8957","15.8977"
"4.4110","28.4230","2.9051","15.9568"
"4.4230","28.5264","2.9136","16.0148"
"4.4370","28.6328","2.9235","16.0746"
"4.4510","28.7349","2.9330","16.1319"
"4.4660","28.8372","2.9427","16.1893"
"4.4820","28.9421","2.9531","16.2482"
"4.4960","29.0490","2.9628","16.3082"
"4.5090","29.1544","2.9721","16.3674"
"4.5220","29.2603","2.9815","16.4268"
"4.5360","29.3643","2.9911","16.4852"
"4.5520","29.4700","3.0014","16.5446"
"4.5670","29.5709","3.0110","16.6012"
"4.5810","29.6720","3.0201","16.6580"
"4.5950","29.7727","3.0294","16.7145"
"4.6110","29.8758","3.0397","16.7724"
"4.6260","29.9809","3.0490","16.8314"
"4.6410","30.0833","3.0584","16.8889"
"4.6560","30.1868","3.0686","16.9470"
"4.6690","30.2936","3.0778","17.0070"
"4.6810","30.3949","3.0864","17.0638"
"4.6940","30.4963","3.0954","17.1207"
"4.7090","30.6017","3.1055","17.1799"
"4.7240","30.7068","3.1155","17.2389"
"4.7380","30.8126","3.1250","17.2983"
"4.7520","30.9161","3.1344","17.3564"
"4.7670","31.0194","3.1441","17.4144"
"4.7830","31.1228","3.1541","17.4725"
"4.7990","31.2286","3.1643","17.5319"
"4.8130","31.3349","3.1737","17.5915"
"4.8260","31.4402","3.1828","17.6507"
"4.8410","31.5451","3.1933","17.7095"
"4.8550","31.6471","3.2026","17.7668"
"4.8690","31.7506","3.2115","17.8249"
"4.8850","31.8538","3.2219","17.8828"
"4.8990","31.9548","3.2313","17.9396"
"4.9110","32.0563","3.2397","17.9965"
"4.9240","32.1586","3.2486","18.0540"
"4.9390","32.2619","3.2584","18.1119"
"4.9530","32.3625","3.2676","18.1684"
"4.9670","32.4678","3.2771","18.2276"
"4.9810","32.5750","3.2870","18.2877"
"4.9950","32.6825","3.2968","18.3481"
"5.0090","32.7878","3.3062","18.4072"
"5.0250","32.8928","3.3165","18.4661"
"5.0400","32.9995","3.3264","18.5260"
"5.0530","33.1031","3.3352","18.5842"
"5.0690","33.2089","3.3460","18.6436"
"5.0850","33.3096","3.3560","18.7001"
"5.1000","33.4144","3.3649","18.7589"
"5.1150","33.5163","3.3744","18.8162"
"5.1290","33.6171","3.3841","18.8727"
"5.1410","33.7200","3.3928","18.9305"
"5.1530","33.8265","3.4015","18.9903"
"5.1660","33.9273","3.4103","19.0469"
"5.1820","34.0316","3.4208","19.1055"
"5.1970","34.1373","3.4306","19.1648"
"5.2100","34.2394","3.4395","19.2221"
"5.2230","34.3422","3.4483","19.2798"
"5.2400","34.4445","3.4593","19.3373"
"5.2550","34.5465","3.4686","19.3945"
"5.2680","34.6477","3.4769","19.4513"
"5.2810","34.7517","3.4858","19.5097"
"5.2950","34.8540","3.4957","19.5672"
"5.3090","34.9590","3.5055","19.6261"
"5.3220","35.0648","3.5142","19.6855"
"5.3370","35.1699","3.5237","19.7445"
"5.3540","35.2710","3.5347","19.8013"
"5.3680","35.3789","3.5439","19.8618"
"5.3810","35.4848","3.5526","19.9213"
"5.3960","35.5878","3.5624","19.9791"
"5.4110","35.6893","3.5723","20.0361"
"5.4250","35.7969","3.5819","20.0965"
"5.4370","35.9047","3.5906","20.1570"
"5.4490","36.0120","3.5995","20.2173"
"5.4630","36.1140","3.6096","20.2745"
"5.4770","36.2144","3.6190","20.3309"
"5.4910","36.3163","3.6277","20.3881"
"5.5070","36.4178","3.6376","20.4451"
"5.5220","36.5201","3.6473","20.5025"
"5.5350","36.6263","3.6562","20.5621"
"5.5460","36.7268","3.6637","20.6186"
"5.5590","36.8268","3.6722","20.6747"
"5.5770","36.9320","3.6837","20.7338"
"5.5920","37.0382","3.6935","20.7934"
"5.6040","37.1404","3.7015","20.8508"
"5.6180","37.2409","3.7110","20.9072"
"5.6360","37.3471","3.7228","20.9668"
"5.6490","37.4490","3.7311","21.0240"
"5.6610","37.5569","3.7390","21.0846"
"5.6740","37.6608","3.7480","21.1429"
"5.6880","37.7637","3.7578","21.2007"
"5.7020","37.8691","3.7672","21.2598"
"5.7170","37.9714","3.7767","21.3173"
"5.7330","38.0739","3.7868","21.3748"
"5.7460","38.1756","3.7955","21.4319"
"5.7580","38.2768","3.8038","21.4887"
"5.7720","38.3841","3.8136","21.5490"
"5.7860","38.4909","3.8229","21.6089"
"5.8010","38.5962","3.8324","21.6680"
"5.8180","38.7019","3.8432","21.7274"
"5.8310","38.8048","3.8519","21.7851"
"5.8430","38.9053","3.8601","21.8416"
"5.8560","39.0114","3.8690","21.9012"
"5.8690","39.1129","3.8778","21.9581"
"5.8840","39.2166","3.8878","22.0163"
"5.8980","39.3229","3.8976","22.0760"
"5.9100","39.4318","3.9062","22.1371"
"5.9220","39.5340","3.9149","22.1945"
"5.9350","39.6346","3.9240","22.2510"
"5.9500","39.7399","3.9338","22.3101"
"5.9650","39.8460","3.9433","22.3697"
"5.9800","39.9495","3.9529","22.4278"
"5.9950","40.0513","3.9626","22.4850"
"6.0100","40.1530","3.9722","22.5420"
"6.0250","40.2578","3.9816","22.6008"
"6.0390","40.3579","3.9905","22.6571"
"6.0520","40.4611","3.9993","22.7150"
"6.0650","40.5695","4.0086","22.7758"
"6.0770","40.6731","4.0174","22.8340"
"6.0890","40.7734","4.0258","22.8903"
"6.1020","40.8763","4.0343","22.9481"
"6.1190","40.9801","4.0447","23.0063"
"6.1350","41.0868","4.0548","23.0662"
"6.1470","41.1881","4.0630","23.1231"
"6.1590","41.2893","4.0714","23.1800"
"6.1720","41.3893","4.0806","23.2361"
"6.1860","41.4942","4.0899","23.2950"
"6.2000","41.5974","4.0990","23.3529"
"6.2140","41.7021","4.1083","23.4117"
"6.2270","41.8027","4.1172","23.4682"
"6.2400","41.9053","4.1261","23.5258"
"6.2550","42.0095","4.1359","23.5843"
"6.2710","42.1145","4.1458","23.6432"
"6.2850","42.2196","4.1546","23.7022"
"6.2990","42.3226","4.1640","23.7600"
"6.3120","42.4302","4.1731","23.8204"
"6.3240","42.5336","4.1815","23.8785"
"6.3380","42.6392","4.1910","23.9378"
"6.3520","42.7439","4.2004","23.9966"
"6.3650","42.8477","4.2093","24.0548"
"6.3780","42.9515","4.2185","24.1131"
"6.3910","43.0584","4.2277","24.1732"
"6.4050","43.1630","4.2371","24.2319"
"6.4200","43.2641","4.2466","24.2886"
"6.4350","43.3680","4.2559","24.3469"
"6.4480","43.4726","4.2644","24.4057"
"6.4610","43.5798","4.2733","24.4659"
"6.4760","43.6850","4.2835","24.5249"
"6.4910","43.7871","4.2932","24.5823"
"6.5050","43.8888","4.3021","24.6393"
"6.5190","43.9963","4.3113","24.6997"
"6.5320","44.1006","4.3202","24.7582"
"6.5450","44.2037","4.3292","24.8161"
"6.5590","44.3059","4.3387","24.8735"
"6.5740","44.4128","4.3482","24.9335"
"6.5890","44.5143","4.3575","24.9905"
"6.6030","44.6178","4.3666","25.0486"
"6.6160","44.7216","4.3756","25.1069"
"6.6280","44.8232","4.3841","25.1639"
"6.6410","44.9256","4.3932","25.2214"
"6.6550","45.0295","4.4026","25.2797"
"6.6680","45.1329","4.4113","25.3377"
"6.6800","45.2348","4.4195","25.3950"
"6.6930","45.3399","4.4285","25.4540"
"6.7070","45.4453","4.4380","25.5132"
"6.7210","45.5514","4.4472","25.5727"
"6.7360","45.6547","4.4564","25.6307"
"6.7520","45.7602","4.4662","25.6899"
"6.7680","45.8671","4.4766","25.7500"
"6.7800","45.9711","4.4851","25.8083"
"6.7910","46.0764","4.4930","25.8675"
"6.8030","46.1792","4.5016","25.9252"
"6.8160","46.2794","4.5104","25.9814"
"6.8300","46.3799","4.5198","26.0378"
"6.8430","46.4843","4.5285","26.0964"
"6.8560","46.5921","4.5374","26.1569"
"6.8710","46.6938","4.5474","26.2141"
"6.8870","46.8007","4.5576","26.2741"
"6.9000","46.9084","4.5657","26.3345"
"6.9130","47.0102","4.5742","26.3917"
"6.9280","47.1149","4.5845","26.4505"
"6.9410","47.2219","4.5935","26.5105"
"6.9530","47.3258","4.6016","26.5689"
"6.9680","47.4313","4.6112","26.6281"
"6.9830","47.5325","4.6208","26.6849"
"6.9960","47.6407","4.6295","26.7457"
"7.0080","47.7490","4.6378","26.8064"
"7.0210","47.8545","4.6467","26.8657"
"7.0370","47.9569","4.6572","26.9232"
"7.0520","48.0635","4.6668","26.9830"
"7.0640","48.1683","4.6746","27.0419"
"7.0770","48.2695","4.6835","27.0986"
"7.0910","48.3755","4.6935","27.1582"
"7.1030","48.4797","4.7019","27.2167"
"7.1150","48.5814","4.7100","27.2738"
"7.1300","48.6875","4.7195","27.3333"
"7.1460","48.7927","4.7297","27.3924"
"7.1590","48.8990","4.7383","27.4520"
"7.1710","49.0053","4.7465","27.5117"
"7.1840","49.1061","4.7553","27.5683"
"7.1990","49.2082","4.7649","27.6257"
"7.2140","49.3114","4.7743","27.6836"
"7.2270","49.4164","4.7828","27.7426"
"7.2400","49.5227","4.7917","27.8022"
"7.2540","49.6270","4.8014","27.8608"
"7.2670","49.7275","4.8102","27.9172"
"7.2800","49.8342","4.8187","27.9771"
"7.2930","49.9392","4.8273","28.0360"
"7.3070","50.0448","4.8370","28.0953"
"7.3210","50.1501","4.8469","28.1544"
"7.3330","50.2554","4.8553","28.2135"
"7.3450","50.3608","4.8634","28.2727"
"7.3600","50.4643","4.8730","28.3309"
"7.3770","50.5714","4.8838","28.3909"
"7.3900","50.6783","4.8923","28.4510"
"7.4010","50.7827","4.8997","28.5096"
"7.4150","50.8879","4.9092","28.5686"
"7.4320","50.9937","4.9201","28.6280"
"7.4440","51.0951","4.9276","28.6850"
"7.4560","51.1977","4.9352","28.7426"
"7.4710","51.3035","4.9452","28.8020"
"7.4850","51.4066","4.9550","28.8598"
"7.4970","51.5121","4.9633","28.9191"
"7.5100","51.6189","4.9719","28.9791"
"7.5240","51.7220","4.9811","29.0369"
"7.5380","51.8244","4.9906","29.0944"
"7.5510","51.9323","4.9999","29.1550"
"7.5620","52.0371","5.0080","29.2138"
"7.5730","52.1402","5.0158","29.2717"
"7.5870","52.2454","5.0250","29.3308"
"7.6050","52.3467","5.0360","29.3876"
"7.6190","52.4520","5.0447","29.4467"
"7.6310","52.5563","5.0525","29.5053"
"7.6440","52.6606","5.0612","29.5639"
"7.6590","52.7675","5.0711","29.6239"
"7.6730","52.8677","5.0801","29.6801"
"7.6870","52.9738","5.0892","29.7397"
"7.6990","53.0785","5.0974","29.7984"
"7.7100","53.1824","5.1052","29.8568"
"7.7230","53.2893","5.1144","29.9168"
"7.7360","53.3915","5.1231","29.9742"
"7.7490","53.4922","5.1314","30.0307"
"7.7650","53.5972","5.1416","30.0897"
"7.7790","53.7002","5.1510","30.1475"
"7.7900","53.8031","5.1587","30.2053"
"7.8010","53.9046","5.1665","30.2622"
"7.8140","54.0103","5.1755","30.3216"
"7.8280","54.1119","5.1848","30.3786"
"7.8420","54.2197","5.1938","30.4391"
"7.8550","54.3259","5.2025","30.4988"
"7.8680","54.4324","5.2113","30.5585"
"7.8810","54.5397","5.2202","30.6188"
"7.8950","54.6451","5.2293","30.6779"
"7.9090","54.7506","5.2381","30.7372"
"7.9230","54.8556","5.2471","30.7961"
"7.9370","54.9590","5.2565","30.8541"
"7.9490","55.0592","5.2648","30.9104"
"7.9610","55.1616","5.2731","30.9679"
"7.9740","55.2693","5.2819","31.0284"
"7.9870","55.3715","5.2904","31.0858"
"8.0010","55.4734","5.2997","31.1429"
"8.0140","55.5783","5.3086","31.2019"
"8.0250","55.6848","5.3164","31.2617"
"8.0360","55.7853","5.3243","31.3181"
"8.0490","55.8887","5.3332","31.3761"
"8.0630","55.9889","5.3421","31.4324"
"8.0790","56.0930","5.3517","31.4908"
"8.0930","56.1968","5.3603","31.5491"
"8.1070","56.3030","5.3695","31.6087"
"8.1210","56.4108","5.3789","31.6692"
"8.1330","56.5123","5.3868","31.7262"
"8.1470","56.6175","5.3958","31.7852"
"8.1610","56.7247","5.4050","31.8455"
"8.1730","56.8333","5.4134","31.9064"
"8.1840","56.9399","5.4213","31.9662"
"8.1960","57.0457","5.4298","32.0256"
"8.2110","57.1498","5.4399","32.0841"
"8.2250","57.2552","5.4489","32.1432"
"8.2370","57.3571","5.4567","32.2005"
"8.2490","57.4581","5.4648","32.2572"
"8.2620","57.5594","5.4738","32.3141"
"8.2750","57.6609","5.4828","32.3711"
"8.2880","57.7697","5.4915","32.4321"
"8.3000","57.8739","5.4992","32.4906"
"8.3150","57.9788","5.5090","32.5495"
"8.3290","58.0831","5.5183","32.6081"
"8.3410","58.1890","5.5265","32.6675"
"8.3530","58.2931","5.5345","32.7260"
"8.3670","58.3953","5.5433","32.7833"
"8.3830","58.5005","5.5533","32.8424"
"8.3960","58.6039","5.5618","32.9005"
"8.4070","58.7095","5.5694","32.9597"
"8.4180","58.8154","5.5773","33.0192"
"8.4300","58.9156","5.5859","33.0754"
"8.4430","59.0200","5.5949","33.1340"
"8.4560","59.1275","5.6036","33.1944"
"8.4690","59.2328","5.6122","33.2535"
"8.4820","59.3364","5.6210","33.3116"
"8.4950","59.4400","5.6301","33.3698"
"8.5080","59.5447","5.6389","33.4286"
"8.5210","59.6447","5.6472","33.4848"
"8.5350","59.7474","5.6557","33.5424"
"8.5500","59.8514","5.6651","33.6008"
"8.5630","59.9535","5.6737","33.6581"
"8.5750","60.0544","5.6819","33.7147"
"8.5870","60.1588","5.6903","33.7734"
"8.6000","60.2620","5.6991","33.8313"
"8.6130","60.3628","5.7075","33.8879"
"8.6260","60.4640","5.7158","33.9447"
"8.6390","60.5708","5.7243","34.0047"
"8.6520","60.6754","5.7330","34.0634"
"8.6650","60.7772","5.7419","34.1205"
"8.6770","60.8828","5.7501","34.1798"
"8.6890","60.9895","5.7579","34.2397"
"8.7030","61.0956","5.7672","34.2993"
"8.7160","61.1975","5.7762","34.3565"
"8.7270","61.2991","5.7840","34.4135"
"8.7380","61.4024","5.7919","34.4715"
"8.7510","61.5067","5.8010","34.5301"
"8.7650","61.6122","5.8101","34.5893"
"8.7790","61.7169","5.8190","34.6481"
"8.7930","61.8226","5.8282","34.7074"
"8.8060","61.9257","5.8369","34.7653"
"8.8190","62.0339","5.8456","34.8260"
"8.8320","62.1406","5.8541","34.8859"
"8.8470","62.2451","5.8635","34.9446"
"8.8610","62.3473","5.8725","35.0020"
"8.8730","62.4561","5.8805","35.0631"
"8.8850","62.5599","5.8887","35.1213"
"8.8990","62.6671","5.8983","35.1815"
"8.9120","62.7744","5.9070","35.2417"
"8.9240","62.8767","5.9147","35.2992"
"8.9370","62.9800","5.9233","35.3572"
"8.9500","63.0829","5.9322","35.4149"
"8.9620","63.1871","5.9407","35.4734"
"8.9730","63.2913","5.9485","35.5320"
"8.9860","63.3931","5.9572","35.5891"
"9.0020","63.4944","5.9671","35.6460"
"9.0160","63.5988","5.9757","35.7046"
"9.0280","63.7056","5.9835","35.7645"
"9.0400","63.8131","5.9918","35.8249"
"9.0530","63.9152","6.0010","35.8822"
"9.0660","64.0214","6.0099","35.9418"
"9.0780","64.1257","6.0177","36.0004"
"9.0910","64.2280","6.0259","36.0578"
"9.1070","64.3309","6.0362","36.1156"
"9.1210","64.4319","6.0453","36.1723"
"9.1340","64.5383","6.0539","36.2320"
"9.1470","64.6459","6.0624","36.2924"
"9.1600","64.7494","6.0709","36.3505"
"9.1720","64.8502","6.0791","36.4071"
"9.1830","64.9523","6.0869","36.4645"
"9.1940","65.0582","6.0949","36.5239"
"9.2060","65.1651","6.1038","36.5839"
"9.2170","65.2654","6.1117","36.6402"
"9.2290","65.3695","6.1200","36.6987"
"9.2430","65.4730","6.1291","36.7568"
"9.2570","65.5780","6.1382","36.8157"
"9.2690","65.6822","6.1459","36.8742"
"9.2820","65.7900","6.1545","36.9348"
"9.2960","65.8972","6.1638","36.9949"
"9.3090","65.9972","6.1722","37.0511"
"9.3220","66.1007","6.1806","37.1092"
"9.3350","66.2015","6.1890","37.1657"
"9.3490","66.3036","6.1982","37.2231"
"9.3620","66.4083","6.2069","37.2818"
"9.3750","66.5131","6.2154","37.3407"
"9.3890","66.6192","6.2243","37.4002"
"9.4030","66.7268","6.2333","37.4607"
"9.4160","66.8345","6.2420","37.5211"
"9.4270","66.9348","6.2497","37.5774"
"9.4390","67.0417","6.2583","37.6374"
"9.4510","67.1442","6.2666","37.6950"
"9.4640","67.2493","6.2751","37.7540"
"9.4790","67.3526","6.2846","37.8120"
"9.4930","67.4549","6.2938","37.8694"
"9.5050","67.5620","6.3021","37.9295"
"9.5160","67.6662","6.3097","37.9880"
"9.5290","67.7701","6.3186","38.0464"
"9.5440","67.8760","6.3282","38.1058"
"9.5580","67.9790","6.3370","38.1637"
"9.5710","68.0837","6.3455","38.2224"
"9.5840","68.1865","6.3543","38.2802"
"9.5970","68.2923","6.3633","38.3395"
"9.6090","68.3981","6.3715","38.3989"
"9.6210","68.5038","6.3795","38.4583"
"9.6340","68.6051","6.3882","38.5151"
"9.6470","68.7064","6.3972","38.5720"
"9.6590","68.8141","6.4058","38.6325"
"9.6700","68.9223","6.4139","38.6932"
"9.6810","69.0259","6.4216","38.7514"
"9.6960","69.1304","6.4316","38.8100"
"9.7110","69.2360","6.4410","38.8694"
"9.7230","69.3383","6.4487","38.9268"
"9.7360","69.4439","6.4572","38.9861"
"9.7510","69.5509","6.4670","39.0461"
"9.7660","69.6553","6.4765","39.1047"
"9.7800","69.7559","6.4851","39.1612"
"9.7940","69.8591","6.4939","39.2192"
"9.8070","69.9662","6.5026","39.2793"
"9.8180","70.0676","6.5104","39.3362"
"9.8290","70.1702","6.5182","39.3938"
"9.8410","70.2737","6.5265","39.4519"
"9.8540","70.3754","6.5351","39.5090"
"9.8690","70.4793","6.5446","39.5674"
"9.8840","70.5861","6.5544","39.6273"
"9.8970","70.6923","6.5631","39.6869"
"9.9090","70.7984","6.5714","39.7465"
"9.9210","70.8995","6.5795","39.8032"
"9.9350","71.0037","6.5889","39.8617"
"9.9490","71.1106","6.5981","39.9217"
"9.9600","71.2142","6.6054","39.9799"
"9.9720","71.3151","6.6134","40.0366"
"9.9870","71.4206","6.6236","40.0958"
"10.0000","71.5209","6.6322","40.1521"
"10.0130","71.6277","6.6405","40.2120"
"10.0260","71.7288","6.6487","40.2688"
"10.0400","71.8298","6.6578","40.3255"
"10.0530","71.9341","6.6666","40.3840"
"10.0640","72.0357","6.6743","40.4411"
"10.0750","72.1361","6.6820","40.4974"
"10.0870","72.2365","6.6903","40.5538"
"10.1010","72.3433","6.6999","40.6138"
"10.1130","72.4449","6.7083","40.6708"
"10.1250","72.5518","6.7167","40.7308"
"10.1370","72.6597","6.7251","40.7914"
"10.1500","72.7625","6.7340","40.8491"
"10.1640","72.8631","6.7429","40.9056"
"10.1790","72.9682","6.7520","40.9646"
"10.1940","73.0704","6.7614","41.0220"
"10.2080","73.1770","6.7708","41.0818"
"10.2200","73.2819","6.7792","41.1407"
"10.2320","73.3852","6.7874","41.1987"
"10.2450","73.4877","6.7959","41.2563"
"10.2600","73.5931","6.8053","41.3154"
"10.2750","73.7002","6.8151","41.3756"
"10.2890","73.8067","6.8246","41.4353"
"10.3000","73.9074","6.8322","41.4919"
"10.3120","74.0134","6.8403","41.5514"
"10.3270","74.1199","6.8500","41.6112"
"10.3420","74.2228","6.8597","41.6689"
"10.3540","74.3249","6.8678","41.7263"
"10.3650","74.4277","6.8754","41.7840"
"10.3770","74.5291","6.8839","41.8409"
"10.3910","74.6351","6.8934","41.9004"
"10.4050","74.7432","6.9027","41.9611"
"10.4170","74.8454","6.9106","42.0185"
"10.4310","74.9457","6.9201","42.0748"
"10.4480","75.0515","6.9316","42.1342"
"10.4590","75.1401","6.9390","42.1839"

