Time,Displacement,Force
(s),(mm),(kN)
"0.0000","0.0000","0.0000"
"0.1000","0.0001","0.0000"
"0.2000","0.0007","0.0000"
"0.3000","0.0033","0.0000"
"0.4000","0.0061","0.0000"
"0.5000","0.0095","0.0000"
"0.6000","0.0133","0.0000"
"0.7000","0.0169","0.0000"
"0.8000","0.0199","0.0000"
"0.9000","0.0227","0.0000"
"1.0000","0.0259","0.0000"
"1.1000","0.0297","0.0000"
"1.2000","0.0334","0.0000"
"1.3000","0.0367","0.0000"
"1.4000","0.0401","0.0000"
"1.5000","0.0438","0.0000"
"1.6000","0.0474","0.0000"
"1.7000","0.0505","0.0000"
"1.8000","0.0536","0.0000"
"1.9000","0.0566","0.0000"
"2.0000","0.0600","0.0000"
"2.1000","0.0637","0.0000"
"2.2000","0.0672","0.0000"
"2.3000","0.0703","0.0000"
"2.4000","0.0731","0.0000"
"2.5000","0.0761","0.0000"
"2.6000","0.0793","0.0000"
"2.7000","0.0830","0.0000"
"2.8000","0.0864","0.0000"
"2.9000","0.0897","0.0000"
"3.0000","0.0933","0.0000"
"3.1000","0.0971","0.0000"
"3.2000","0.1006","0.0000"
"3.3000","0.1038","0.0000"
"3.4000","0.1067","0.0000"
"3.5000","0.1098","0.0000"
"3.6000","0.1133","0.0000"
"3.7000","0.1169","0.0000"
"3.8000","0.1203","0.0000"
"3.9000","0.1234","0.0000"
"4.0000","0.1262","0.0000"
"4.1000","0.1293","0.0000"
"4.2000","0.1327","0.0000"
"4.3000","0.1364","0.0000"
"4.4000","0.1398","0.0000"
"4.5000","0.1432","0.0000"
"4.6000","0.1469","0.0000"
"4.7000","0.1504","0.0000"
"4.8000","0.1538","0.0000"
"4.9000","0.1569","0.0000"
"5.0000","0.1598","0.0000"
"5.1000","0.1631","0.0000"
"5.2000","0.1667","0.0000"
"5.3000","0.1705","0.0000"
"5.4000","0.1739","0.0000"
"5.5000","0.1767","0.0000"
"5.6000","0.1795","0.0000"
"5.7000","0.1828","0.0000"
"5.8000","0.1865","0.0000"
"5.9000","0.1900","0.0000"
"6.0000","0.1932","0.0000"
"6.1000","0.1966","0.0000"
"6.2000","0.2002","0.0000"
"6.3000","0.2037","0.0000"
"6.4000","0.2070","0.0000"
"6.5000","0.2100","0.0000"
"6.6000","0.2131","0.0000"
"6.7000","0.2166","0.0000"
"6.8000","0.2204","0.0000"
"6.9000","0.2239","0.0000"
"7.0000","0.2269","0.0000"
"7.1000","0.2296","0.0000"
"7.2000","0.2325","0.0000"
"7.3000","0.2360","0.0000"
"7.4000","0.2397","0.0000"
"7.5000","0.2431","0.0000"
"7.6000","0.2464","0.0000"
"7.7000","0.2499","0.0000"
"7.8000","0.2536","0.0001"
"7.9000","0.2571","0.0000"
"8.0000","0.2602","0.0001"
"8.1000","0.2633","0.0001"
"8.2000","0.2666","0.0001"
"8.3000","0.2702","0.0001"
"8.4000","0.2738","0.0001"
"8.5000","0.2771","0.0003"
"8.6000","0.2800","0.0015"
"8.7000","0.2828","0.0027"
"8.8000","0.2859","0.0041"
"8.9000","0.2895","0.0058"
"9.0000","0.2932","0.0083"
"9.1000","0.2965","0.0107"
"9.2000","0.2999","0.0134"
"9.3000","0.3035","0.0164"
"9.4000","0.3070","0.0187"
"9.5000","0.3103","0.0200"
"9.6000","0.3134","0.0206"
"9.7000","0.3165","0.0211"
"9.8000","0.3198","0.0214"
"9.9000","0.3234","0.0218"
"10.0000","0.3271","0.0222"
"10.1000","0.3303","0.0224"
"10.2000","0.3332","0.0227"
"10.3000","0.3361","0.0229"
"10.4000","0.3394","0.0232"
"10.5000","0.3431","0.0234"
"10.6000","0.3467","0.0237"
"10.7000","0.3501","0.0239"
"10.8000","0.3536","0.0241"
"10.9000","0.3573","0.0244"
"11.0000","0.3607","0.0246"
"11.1000","0.3639","0.0248"
"11.2000","0.3669","0.0252"
"11.3000","0.3701","0.0256"
"11.4000","0.3735","0.0266"
"11.5000","0.3771","0.0280"
"11.6000","0.3806","0.0295"
"11.7000","0.3836","0.0308"
"11.8000","0.3864","0.0319"
"11.9000","0.3893","0.0330"
"12.0000","0.3927","0.0343"
"12.1000","0.3964","0.0354"
"12.2000","0.3998","0.0363"
"12.3000","0.4030","0.0371"
"12.4000","0.4066","0.0380"
"12.5000","0.4103","0.0389"
"12.6000","0.4138","0.0397"
"12.7000","0.4170","0.0405"
"12.8000","0.4201","0.0412"
"12.9000","0.4233","0.0419"
"13.0000","0.4269","0.0427"
"13.1000","0.4305","0.0434"
"13.2000","0.4337","0.0440"
"13.3000","0.4365","0.0445"
"13.4000","0.4393","0.0450"
"13.5000","0.4424","0.0455"
"13.6000","0.4460","0.0463"
"13.7000","0.4496","0.0468"
"13.8000","0.4530","0.0474"
"13.9000","0.4566","0.0480"
"14.0000","0.4604","0.0486"
"14.1000","0.4640","0.0493"
"14.2000","0.4672","0.0500"
"14.3000","0.4702","0.0507"
"14.4000","0.4732","0.0515"
"14.5000","0.4766","0.0525"
"14.6000","0.4802","0.0535"
"14.7000","0.4839","0.0545"
"14.8000","0.4871","0.0553"
"14.9000","0.4898","0.0559"
"15.0000","0.4926","0.0566"
"15.1000","0.4959","0.0574"
"15.2000","0.4997","0.0581"
"15.3000","0.5033","0.0588"
"15.4000","0.5067","0.0594"
"15.5000","0.5102","0.0602"
"15.6000","0.5138","0.0613"
"15.7000","0.5172","0.0624"
"15.8000","0.5204","0.0636"
"15.9000","0.5234","0.0649"
"16.0000","0.5264","0.0663"
"16.1000","0.5299","0.0677"
"16.2000","0.5335","0.0692"
"16.3000","0.5371","0.0705"
"16.4000","0.5401","0.0714"
"16.5000","0.5429","0.0723"
"16.6000","0.5460","0.0732"
"16.7000","0.5495","0.0745"
"16.8000","0.5533","0.0758"
"16.9000","0.5566","0.0770"
"17.0000","0.5601","0.0783"
"17.1000","0.5638","0.0797"
"17.2000","0.5672","0.0809"
"17.3000","0.5704","0.0820"
"17.4000","0.5735","0.0829"
"17.5000","0.5765","0.0838"
"17.6000","0.5797","0.0848"
"17.7000","0.5833","0.0859"
"17.8000","0.5872","0.0869"
"17.9000","0.5905","0.0877"
"18.0000","0.5933","0.0892"
"18.1000","0.5962","0.0915"
"18.2000","0.5993","0.0941"
"18.3000","0.6030","0.0965"
"18.4000","0.6065","0.0983"
"18.5000","0.6097","0.0997"
"18.6000","0.6131","0.1012"
"18.7000","0.6166","0.1027"
"18.8000","0.6201","0.1040"
"18.9000","0.6234","0.1052"
"19.0000","0.6265","0.1064"
"19.1000","0.6296","0.1078"
"19.2000","0.6331","0.1095"
"19.3000","0.6368","0.1113"
"19.4000","0.6404","0.1130"
"19.5000","0.6436","0.1144"
"19.6000","0.6463","0.1158"
"19.7000","0.6493","0.1173"
"19.8000","0.6526","0.1191"
"19.9000","0.6565","0.1209"
"20.0000","0.6600","0.1225"
"20.1000","0.6635","0.1241"
"20.2000","0.6672","0.1258"
"20.3000","0.6708","0.1273"
"20.4000","0.6741","0.1286"
"20.5000","0.6773","0.1299"
"20.6000","0.6803","0.1312"
"20.7000","0.6836","0.1326"
"20.8000","0.6872","0.1341"
"20.9000","0.6908","0.1355"
"21.0000","0.6940","0.1368"
"21.1000","0.6968","0.1380"
"21.2000","0.6995","0.1394"
"21.3000","0.7026","0.1410"
"21.4000","0.7061","0.1428"
"21.5000","0.7097","0.1445"
"21.6000","0.7130","0.1460"
"21.7000","0.7164","0.1476"
"21.8000","0.7201","0.1493"
"21.9000","0.7236","0.1509"
"22.0000","0.7269","0.1524"
"22.1000","0.7299","0.1537"
"22.2000","0.7329","0.1552"
"22.3000","0.7363","0.1570"
"22.4000","0.7399","0.1590"
"22.5000","0.7436","0.1608"
"22.6000","0.7468","0.1623"
"22.7000","0.7496","0.1636"
"22.8000","0.7526","0.1651"
"22.9000","0.7559","0.1669"
"23.0000","0.7597","0.1688"
"23.1000","0.7633","0.1702"
"23.2000","0.7666","0.1718"
"23.3000","0.7701","0.1742"
"23.4000","0.7737","0.1764"
"23.5000","0.7771","0.1785"
"23.6000","0.7804","0.1805"
"23.7000","0.7835","0.1824"
"23.8000","0.7867","0.1843"
"23.9000","0.7902","0.1865"
"24.0000","0.7939","0.1888"
"24.1000","0.7974","0.1907"
"24.2000","0.8004","0.1922"
"24.3000","0.8031","0.1936"
"24.4000","0.8060","0.1953"
"24.5000","0.8095","0.1973"
"24.6000","0.8131","0.1994"
"24.7000","0.8163","0.2010"
"24.8000","0.8196","0.2028"
"24.9000","0.8232","0.2051"
"25.0000","0.8268","0.2075"
"25.1000","0.8302","0.2099"
"25.2000","0.8335","0.2126"
"25.3000","0.8366","0.2152"
"25.4000","0.8398","0.2181"
"25.5000","0.8434","0.2214"
"25.6000","0.8472","0.2246"
"25.7000","0.8505","0.2273"
"25.8000","0.8532","0.2294"
"25.9000","0.8559","0.2317"
"26.0000","0.8591","0.2342"
"26.1000","0.8627","0.2374"
"26.2000","0.8664","0.2402"
"26.3000","0.8699","0.2427"
"26.4000","0.8734","0.2455"
"26.5000","0.8772","0.2484"
"26.6000","0.8807","0.2510"
"26.7000","0.8839","0.2535"
"26.8000","0.8869","0.2561"
"26.9000","0.8900","0.2586"
"27.0000","0.8933","0.2615"
"27.1000","0.8968","0.2644"
"27.2000","0.9003","0.2671"
"27.3000","0.9034","0.2693"
"27.4000","0.9062","0.2712"
"27.5000","0.9090","0.2733"
"27.6000","0.9124","0.2758"
"27.7000","0.9161","0.2786"
"27.8000","0.9197","0.2807"
"27.9000","0.9232","0.2829"
"28.0000","0.9267","0.2852"
"28.1000","0.9302","0.2875"
"28.2000","0.9337","0.2896"
"28.3000","0.9368","0.2914"
"28.4000","0.9398","0.2935"
"28.5000","0.9429","0.2959"
"28.6000","0.9464","0.2989"
"28.7000","0.9503","0.3019"
"28.8000","0.9539","0.3045"
"28.9000","0.9569","0.3064"
"29.0000","0.9597","0.3084"
"29.1000","0.9627","0.3109"
"29.2000","0.9663","0.3142"
"29.3000","0.9702","0.3173"
"29.4000","0.9737","0.3199"
"29.5000","0.9771","0.3226"
"29.6000","0.9805","0.3252"
"29.7000","0.9837","0.3273"
"29.8000","0.9870","0.3298"
"29.9000","0.9901","0.3320"
"30.0000","0.9931","0.3343"
"30.1000","0.9965","0.3371"
"30.2000","1.0003","0.3402"
"30.3000","1.0040","0.3431"
"30.4000","1.0071","0.3452"
"30.5000","1.0098","0.3472"
"30.6000","1.0127","0.3495"
"30.7000","1.0160","0.3522"
"30.8000","1.0197","0.3552"
"30.9000","1.0232","0.3576"
"31.0000","1.0264","0.3598"
"31.1000","1.0297","0.3622"
"31.2000","1.0332","0.3648"
"31.3000","1.0367","0.3672"
"31.4000","1.0401","0.3695"
"31.5000","1.0434","0.3716"
"31.6000","1.0465","0.3738"
"31.7000","1.0499","0.3764"
"31.8000","1.0536","0.3790"
"31.9000","1.0571","0.3814"
"32.0000","1.0601","0.3834"
"32.1000","1.0628","0.3852"
"32.2000","1.0657","0.3875"
"32.3000","1.0690","0.3904"
"32.4000","1.0728","0.3935"
"32.5000","1.0764","0.3958"
"32.6000","1.0798","0.3983"
"32.7000","1.0834","0.4012"
"32.8000","1.0871","0.4038"
"32.9000","1.0906","0.4062"
"33.0000","1.0938","0.4082"
"33.1000","1.0968","0.4104"
"33.2000","1.1000","0.4126"
"33.3000","1.1036","0.4153"
"33.4000","1.1072","0.4178"
"33.5000","1.1105","0.4198"
"33.6000","1.1133","0.4216"
"33.7000","1.1161","0.4237"
"33.8000","1.1191","0.4264"
"33.9000","1.1227","0.4295"
"34.0000","1.1264","0.4325"
"34.1000","1.1299","0.4349"
"34.2000","1.1334","0.4374"
"34.3000","1.1369","0.4401"
"34.4000","1.1406","0.4429"
"34.5000","1.1438","0.4450"
"34.6000","1.1467","0.4471"
"34.7000","1.1497","0.4494"
"34.8000","1.1528","0.4521"
"34.9000","1.1565","0.4557"
"35.0000","1.1602","0.4591"
"35.1000","1.1634","0.4621"
"35.2000","1.1662","0.4646"
"35.3000","1.1690","0.4676"
"35.4000","1.1723","0.4713"
"35.5000","1.1762","0.4756"
"35.6000","1.1800","0.4792"
"35.7000","1.1836","0.4824"
"35.8000","1.1870","0.4859"
"35.9000","1.1904","0.4891"
"36.0000","1.1936","0.4925"
"36.1000","1.1968","0.4956"
"36.2000","1.1999","0.4987"
"36.3000","1.2031","0.5019"
"36.4000","1.2067","0.5058"
"36.5000","1.2106","0.5094"
"36.6000","1.2141","0.5123"
"36.7000","1.2170","0.5145"
"36.8000","1.2197","0.5170"
"36.9000","1.2226","0.5198"
"37.0000","1.2260","0.5233"
"37.1000","1.2296","0.5266"
"37.2000","1.2330","0.5295"
"37.3000","1.2364","0.5325"
"37.4000","1.2400","0.5360"
"37.5000","1.2435","0.5393"
"37.6000","1.2469","0.5424"
"37.7000","1.2502","0.5456"
"37.8000","1.2534","0.5490"
"37.9000","1.2566","0.5526"
"38.0000","1.2601","0.5565"
"38.1000","1.2636","0.5602"
"38.2000","1.2668","0.5633"
"38.3000","1.2695","0.5660"
"38.4000","1.2722","0.5688"
"38.5000","1.2753","0.5725"
"38.6000","1.2789","0.5767"
"38.7000","1.2828","0.5808"
"38.8000","1.2864","0.5842"
"38.9000","1.2900","0.5878"
"39.0000","1.2939","0.5918"
"39.1000","1.2975","0.5951"
"39.2000","1.3009","0.5981"
"39.3000","1.3039","0.6006"
"39.4000","1.3070","0.6035"
"39.5000","1.3104","0.6069"
"39.6000","1.3139","0.6102"
"39.7000","1.3173","0.6129"
"39.8000","1.3202","0.6151"
"39.9000","1.3229","0.6173"
"40.0000","1.3258","0.6200"
"40.1000","1.3290","0.6233"
"40.2000","1.3329","0.6270"
"40.3000","1.3366","0.6301"
"40.4000","1.3400","0.6329"
"40.5000","1.3434","0.6358"
"40.6000","1.3469","0.6387"
"40.7000","1.3503","0.6415"
"40.8000","1.3534","0.6437"
"40.9000","1.3563","0.6461"
"41.0000","1.3593","0.6488"
"41.1000","1.3627","0.6520"
"41.2000","1.3665","0.6554"
"41.3000","1.3702","0.6580"
"41.4000","1.3733","0.6599"
"41.5000","1.3762","0.6621"
"41.6000","1.3792","0.6648"
"41.7000","1.3829","0.6685"
"41.8000","1.3869","0.6719"
"41.9000","1.3905","0.6744"
"42.0000","1.3939","0.6768"
"42.1000","1.3971","0.6792"
"42.2000","1.4003","0.6816"
"42.3000","1.4034","0.6840"
"42.4000","1.4065","0.6865"
"42.5000","1.4097","0.6891"
"42.6000","1.4131","0.6919"
"42.7000","1.4168","0.6952"
"42.8000","1.4207","0.6980"
"42.9000","1.4239","0.6997"
"43.0000","1.4267","0.7016"
"43.1000","1.4295","0.7038"
"43.2000","1.4328","0.7069"
"43.3000","1.4364","0.7097"
"43.4000","1.4397","0.7121"
"43.5000","1.4430","0.7144"
"43.6000","1.4463","0.7172"
"43.7000","1.4498","0.7199"
"43.8000","1.4533","0.7225"
"43.9000","1.4566","0.7247"
"44.0000","1.4598","0.7271"
"44.1000","1.4630","0.7298"
"44.2000","1.4666","0.7331"
"44.3000","1.4703","0.7364"
"44.4000","1.4738","0.7390"
"44.5000","1.4767","0.7407"
"44.6000","1.4794","0.7427"
"44.7000","1.4822","0.7454"
"44.8000","1.4856","0.7489"
"44.9000","1.4895","0.7527"
"45.0000","1.4932","0.7555"
"45.1000","1.4966","0.7584"
"45.2000","1.5003","0.7614"
"45.3000","1.5039","0.7643"
"45.4000","1.5073","0.7668"
"45.5000","1.5105","0.7693"
"45.6000","1.5135","0.7715"
"45.7000","1.5168","0.7744"
"45.8000","1.5202","0.7775"
"45.9000","1.5238","0.7805"
"46.0000","1.5270","0.7827"
"46.1000","1.5298","0.7847"
"46.2000","1.5325","0.7870"
"46.3000","1.5355","0.7900"
"46.4000","1.5390","0.7940"
"46.5000","1.5429","0.7978"
"46.6000","1.5465","0.8009"
"46.7000","1.5500","0.8041"
"46.8000","1.5534","0.8071"
"46.9000","1.5570","0.8105"
"47.0000","1.5604","0.8134"
"47.1000","1.5633","0.8154"
"47.2000","1.5662","0.8182"
"47.3000","1.5694","0.8214"
"47.4000","1.5730","0.8253"
"47.5000","1.5769","0.8288"
"47.6000","1.5802","0.8310"
"47.7000","1.5831","0.8331"
"47.8000","1.5859","0.8354"
"47.9000","1.5892","0.8389"
"48.0000","1.5933","0.8433"
"48.1000","1.5972","0.8464"
"48.2000","1.6008","0.8491"
"48.3000","1.6040","0.8517"
"48.4000","1.6072","0.8541"
"48.5000","1.6103","0.8567"
"48.6000","1.6135","0.8596"
"48.7000","1.6167","0.8623"
"48.8000","1.6199","0.8650"
"48.9000","1.6234","0.8684"
"49.0000","1.6273","0.8722"
"49.1000","1.6309","0.8745"
"49.2000","1.6337","0.8761"
"49.3000","1.6364","0.8781"
"49.4000","1.6393","0.8808"
"49.5000","1.6428","0.8843"
"49.6000","1.6464","0.8873"
"49.7000","1.6497","0.8897"
"49.8000","1.6530","0.8923"
"49.9000","1.6562","0.8950"
"50.0000","1.6597","0.8981"
"50.1000","1.6631","0.9009"
"50.2000","1.6664","0.9034"
"50.3000","1.6696","0.9060"
"50.4000","1.6730","0.9091"
"50.5000","1.6769","0.9127"
"50.6000","1.6808","0.9157"
"50.7000","1.6839","0.9175"
"50.8000","1.6866","0.9189"
"50.9000","1.6892","0.9210"
"51.0000","1.6922","0.9238"
"51.1000","1.6957","0.9274"
"51.2000","1.6996","0.9308"
"51.3000","1.7031","0.9333"
"51.4000","1.7065","0.9363"
"51.5000","1.7101","0.9391"
"51.6000","1.7137","0.9424"
"51.7000","1.7174","0.9450"
"51.8000","1.7205","0.9471"
"51.9000","1.7236","0.9495"
"52.0000","1.7269","0.9525"
"52.1000","1.7304","0.9553"
"52.2000","1.7338","0.9580"
"52.3000","1.7369","0.9598"
"52.4000","1.7396","0.9613"
"52.5000","1.7424","0.9639"
"52.6000","1.7456","0.9668"
"52.7000","1.7494","0.9706"
"52.8000","1.7533","0.9737"
"52.9000","1.7567","0.9758"
"53.0000","1.7602","0.9789"
"53.1000","1.7638","0.9816"
"53.2000","1.7672","0.9845"
"53.3000","1.7704","0.9864"
"53.4000","1.7733","0.9885"
"53.5000","1.7764","0.9913"
"53.6000","1.7799","0.9946"
"53.7000","1.7836","0.9982"
"53.8000","1.7871","1.0005"
"53.9000","1.7900","1.0022"
"54.0000","1.7927","1.0041"
"54.1000","1.7958","1.0073"
"54.2000","1.7996","1.0113"
"54.3000","1.8037","1.0151"
"54.4000","1.8073","1.0175"
"54.5000","1.8106","1.0197"
"54.6000","1.8138","1.0221"
"54.7000","1.8168","1.0244"
"54.8000","1.8201","1.0273"
"54.9000","1.8232","1.0297"
"55.0000","1.8262","1.0319"
"55.1000","1.8293","1.0349"
"55.2000","1.8329","1.0386"
"55.3000","1.8368","1.0421"
"55.4000","1.8402","1.0443"
"55.5000","1.8431","1.0459"
"55.6000","1.8459","1.0483"
"55.7000","1.8490","1.0514"
"55.8000","1.8528","1.0554"
"55.9000","1.8566","1.0584"
"56.0000","1.8600","1.0608"
"56.1000","1.8633","1.0633"
"56.2000","1.8666","1.0662"
"56.3000","1.8700","1.0692"
"56.4000","1.8734","1.0718"
"56.5000","1.8766","1.0744"
"56.6000","1.8798","1.0771"
"56.7000","1.8834","1.0808"
"56.8000","1.8875","1.0848"
"56.9000","1.8912","1.0874"
"57.0000","1.8940","1.0884"
"57.1000","1.8964","1.0898"
"57.2000","1.8992","1.0926"
"57.3000","1.9025","1.0966"
"57.4000","1.9066","1.1011"
"57.5000","1.9103","1.1035"
"57.6000","1.9135","1.1059"
"57.7000","1.9169","1.1089"
"57.8000","1.9204","1.1120"
"57.9000","1.9237","1.1146"
"58.0000","1.9270","1.1171"
"58.1000","1.9301","1.1194"
"58.2000","1.9333","1.1225"
"58.3000","1.9369","1.1260"
"58.4000","1.9406","1.1291"
"58.5000","1.9438","1.1312"
"58.6000","1.9465","1.1325"
"58.7000","1.9492","1.1346"
"58.8000","1.9521","1.1374"
"58.9000","1.9557","1.1414"
"59.0000","1.9596","1.1450"
"59.1000","1.9633","1.1478"
"59.2000","1.9667","1.1503"
"59.3000","1.9700","1.1529"
"59.4000","1.9736","1.1563"
"59.5000","1.9770","1.1588"
"59.6000","1.9801","1.1610"
"59.7000","1.9831","1.1634"
"59.8000","1.9864","1.1664"
"59.9000","1.9901","1.1703"
"60.0000","1.9939","1.1732"
"60.1000","1.9970","1.1749"
"60.2000","1.9996","1.1760"
"60.3000","2.0024","1.1786"
"60.4000","2.0055","1.1819"
"60.5000","2.0095","1.1861"
"60.6000","2.0135","1.1896"
"60.7000","2.0171","1.1918"
"60.8000","2.0203","1.1940"
"60.9000","2.0234","1.1961"
"61.0000","2.0266","1.1992"
"61.1000","2.0300","1.2020"
"61.2000","2.0331","1.2044"
"61.3000","2.0364","1.2073"
"61.4000","2.0401","1.2110"
"61.5000","2.0441","1.2149"
"61.6000","2.0476","1.2169"
"61.7000","2.0504","1.2180"
"61.8000","2.0530","1.2199"
"61.9000","2.0559","1.2230"
"62.0000","2.0594","1.2271"
"62.1000","2.0631","1.2306"
"62.2000","2.0665","1.2337"
"62.3000","2.0699","1.2365"
"62.4000","2.0733","1.2399"
"62.5000","2.0767","1.2428"
"62.6000","2.0801","1.2458"
"62.7000","2.0834","1.2488"
"62.8000","2.0866","1.2513"
"62.9000","2.0900","1.2548"
"63.0000","2.0937","1.2586"
"63.1000","2.0976","1.2622"
"63.2000","2.1008","1.2639"
"63.3000","2.1033","1.2651"
"63.4000","2.1059","1.2674"
"63.5000","2.1090","1.2710"
"63.6000","2.1128","1.2758"
"63.7000","2.1168","1.2795"
"63.8000","2.1203","1.2819"
"63.9000","2.1235","1.2845"
"64.0000","2.1269","1.2874"
"64.1000","2.1302","1.2903"
"64.2000","2.1335","1.2932"
"64.3000","2.1365","1.2954"
"64.4000","2.1395","1.2981"
"64.5000","2.1429","1.3017"
"64.6000","2.1465","1.3055"
"64.7000","2.1502","1.3090"
"64.8000","2.1533","1.3108"
"64.9000","2.1560","1.3126"
"65.0000","2.1588","1.3151"
"65.1000","2.1620","1.3191"
"65.2000","2.1660","1.3236"
"65.3000","2.1699","1.3270"
"65.4000","2.1734","1.3296"
"65.5000","2.1768","1.3325"
"65.6000","2.1803","1.3358"
"65.7000","2.1838","1.3389"
"65.8000","2.1869","1.3408"
"65.9000","2.1899","1.3432"
"66.0000","2.1930","1.3464"
"66.1000","2.1966","1.3503"
"66.2000","2.2005","1.3545"
"66.3000","2.2041","1.3569"
"66.4000","2.2069","1.3582"
"66.5000","2.2097","1.3602"
"66.6000","2.2126","1.3632"
"66.7000","2.2163","1.3677"
"66.8000","2.2205","1.3718"
"66.9000","2.2241","1.3743"
"67.0000","2.2273","1.3762"
"67.1000","2.2303","1.3788"
"67.2000","2.2334","1.3814"
"67.3000","2.2367","1.3846"
"67.4000","2.2400","1.3871"
"67.5000","2.2431","1.3899"
"67.6000","2.2464","1.3930"
"67.7000","2.2501","1.3970"
"67.8000","2.2541","1.4007"
"67.9000","2.2573","1.4020"
"68.0000","2.2600","1.4036"
"68.1000","2.2627","1.4055"
"68.2000","2.2659","1.4092"
"68.3000","2.2694","1.4127"
"68.4000","2.2730","1.4159"
"68.5000","2.2764","1.4181"
"68.6000","2.2796","1.4210"
"68.7000","2.2830","1.4238"
"68.8000","2.2864","1.4267"
"68.9000","2.2898","1.4291"
"69.0000","2.2929","1.4313"
"69.1000","2.2961","1.4341"
"69.2000","2.2996","1.4374"
"69.3000","2.3036","1.4417"
"69.4000","2.3073","1.4440"
"69.5000","2.3101","1.4449"
"69.6000","2.3127","1.4460"
"69.7000","2.3154","1.4489"
"69.8000","2.3188","1.4528"
"69.9000","2.3229","1.4576"
"70.0000","2.3268","1.4606"
"70.1000","2.3303","1.4629"
"70.2000","2.3337","1.4657"
"70.3000","2.3372","1.4688"
"70.4000","2.3406","1.4715"
"70.5000","2.3439","1.4735"
"70.6000","2.3470","1.4762"
"70.7000","2.3501","1.4786"
"70.8000","2.3534","1.4819"
"70.9000","2.3570","1.4853"
"71.0000","2.3603","1.4873"
"71.1000","2.3630","1.4889"
"71.2000","2.3658","1.4908"
"71.3000","2.3689","1.4945"
"71.4000","2.3727","1.4987"
"71.5000","2.3768","1.5029"
"71.6000","2.3806","1.5055"
"71.7000","2.3840","1.5074"
"71.8000","2.3873","1.5098"
"71.9000","2.3905","1.5124"
"72.0000","2.3936","1.5146"
"72.1000","2.3965","1.5168"
"72.2000","2.3995","1.5193"
"72.3000","2.4028","1.5227"
"72.4000","2.4065","1.5268"
"72.5000","2.4104","1.5302"
"72.6000","2.4136","1.5315"
"72.7000","2.4163","1.5330"
"72.8000","2.4191","1.5353"
"72.9000","2.4224","1.5387"
"73.0000","2.4263","1.5435"
"73.1000","2.4304","1.5467"
"73.2000","2.4338","1.5484"
"73.3000","2.4368","1.5503"
"73.4000","2.4399","1.5531"
"73.5000","2.4431","1.5559"
"73.6000","2.4464","1.5587"
"73.7000","2.4495","1.5612"
"73.8000","2.4527","1.5639"
"73.9000","2.4564","1.5680"
"74.0000","2.4605","1.5719"
"74.1000","2.4640","1.5740"
"74.2000","2.4669","1.5748"
"74.3000","2.4695","1.5765"
"74.3440","2.4708","1.5815"
"74.4440","2.4745","1.5835"
"74.5440","2.4779","1.5862"
"74.6440","2.4815","1.5892"
"74.7440","2.4848","1.5916"
"74.8440","2.4881","1.5939"
"74.9440","2.4915","1.5970"
"75.0440","2.4949","1.5999"
"75.1440","2.4982","1.6023"
"75.2440","2.5013","1.6046"
"75.3440","2.5046","1.6075"
"75.4440","2.5080","1.6107"
"75.5440","2.5120","1.6148"
"75.6440","2.5156","1.6169"
"75.7440","2.5184","1.6174"
"75.8440","2.5209","1.6190"
"75.9440","2.5236","1.6217"
"76.0440","2.5269","1.6257"
"76.1410","2.5308","1.6307"
"76.2410","2.5349","1.6341"
"76.3410","2.5383","1.6361"
"76.4410","2.5417","1.6386"
"76.5410","2.5452","1.6417"
"76.6410","2.5486","1.6443"
"76.7410","2.5519","1.6467"
"76.8410","2.5549","1.6487"
"76.9410","2.5580","1.6515"
"77.0410","2.5616","1.6552"
"77.1410","2.5653","1.6588"
"77.2410","2.5686","1.6604"
"77.3410","2.5713","1.6615"
"77.4410","2.5739","1.6636"
"77.5410","2.5769","1.6667"
"77.6410","2.5805","1.6713"
"77.7410","2.5848","1.6758"
"77.8410","2.5884","1.6780"
"77.9410","2.5916","1.6798"
"78.0410","2.5948","1.6824"
"78.1410","2.5981","1.6853"
"78.2410","2.6013","1.6876"
"78.3410","2.6043","1.6893"
"78.4410","2.6073","1.6922"
"78.5410","2.6107","1.6959"
"78.6410","2.6145","1.7001"
"78.7410","2.6184","1.7033"
"78.8410","2.6216","1.7045"
"78.9410","2.6243","1.7059"
"79.0410","2.6272","1.7082"
"79.1410","2.6305","1.7126"
"79.2390","2.6346","1.7176"
"79.3390","2.6389","1.7214"
"79.4390","2.6421","1.7221"
"79.5390","2.6450","1.7241"
"79.6390","2.6481","1.7268"
"79.7390","2.6512","1.7294"
"79.8390","2.6544","1.7326"
"79.9390","2.6575","1.7347"
"80.0390","2.6606","1.7377"
"80.1390","2.6641","1.7414"
"80.2370","2.6682","1.7465"
"80.3370","2.6721","1.7489"
"80.4370","2.6751","1.7501"
"80.5370","2.6779","1.7514"
"80.6370","2.6809","1.7545"
"80.7370","2.6844","1.7588"
"80.8370","2.6883","1.7629"
"80.9370","2.6917","1.7652"
"81.0370","2.6949","1.7672"
"81.1370","2.6979","1.7696"
"81.2370","2.7011","1.7725"
"81.3370","2.7044","1.7754"
"81.4370","2.7075","1.7776"
"81.5370","2.7105","1.7801"
"81.6370","2.7137","1.7831"
"81.7370","2.7172","1.7871"
"81.8370","2.7213","1.7915"
"81.9370","2.7249","1.7935"
"82.0370","2.7276","1.7942"
"82.1370","2.7303","1.7963"
"82.2370","2.7333","1.7995"
"82.3370","2.7370","1.8044"
"82.4370","2.7413","1.8093"
"82.5370","2.7450","1.8113"
"82.6370","2.7482","1.8131"
"82.7370","2.7514","1.8155"
"82.8370","2.7547","1.8184"
"82.9370","2.7580","1.8212"
"83.0370","2.7612","1.8239"
"83.1370","2.7643","1.8264"
"83.2370","2.7675","1.8295"
"83.3370","2.7711","1.8339"
"83.4370","2.7749","1.8373"
"83.5370","2.7780","1.8390"
"83.6370","2.7807","1.8402"
"83.7370","2.7835","1.8426"
"83.8370","2.7867","1.8467"
"83.9250","2.7903","1.8518"
"84.0250","2.7945","1.8560"
"84.1250","2.7980","1.8579"
"84.2250","2.8013","1.8604"
"84.3250","2.8047","1.8636"
"84.4250","2.8080","1.8660"
"84.5250","2.8109","1.8679"
"84.6250","2.8139","1.8705"
"84.7250","2.8170","1.8736"
"84.8250","2.8205","1.8778"
"84.9250","2.8246","1.8825"
"85.0250","2.8281","1.8847"
"85.1250","2.8311","1.8858"
"85.2250","2.8337","1.8872"
"85.3250","2.8366","1.8900"
"85.4200","2.8400","1.8951"
"85.5140","2.8441","1.9001"
"85.6140","2.8479","1.9027"
"85.7140","2.8510","1.9041"
"85.8140","2.8540","1.9066"
"85.9140","2.8572","1.9096"
"86.0140","2.8604","1.9125"
"86.1140","2.8638","1.9157"
"86.2140","2.8669","1.9180"
"86.3140","2.8701","1.9216"
"86.4140","2.8740","1.9263"
"86.5140","2.8780","1.9305"
"86.6140","2.8813","1.9318"
"86.7140","2.8840","1.9322"
"86.8140","2.8865","1.9342"
"86.9140","2.8895","1.9373"
"87.0140","2.8930","1.9420"
"87.1140","2.8969","1.9469"
"87.2140","2.9006","1.9499"
"87.3140","2.9039","1.9517"
"87.4140","2.9071","1.9547"
"87.5140","2.9105","1.9578"
"87.6140","2.9138","1.9608"
"87.7140","2.9170","1.9635"
"87.8140","2.9201","1.9659"
"87.9140","2.9234","1.9693"
"88.0140","2.9272","1.9738"
"88.1140","2.9311","1.9776"
"88.2140","2.9341","1.9784"
"88.3140","2.9367","1.9794"
"88.4140","2.9393","1.9812"
"88.5140","2.9423","1.9855"
"88.6060","2.9459","1.9905"
"88.6950","2.9498","1.9955"
"88.7950","2.9534","1.9976"
"88.8950","2.9568","2.0003"
"88.9950","2.9601","2.0030"
"89.0950","2.9633","2.0056"
"89.1950","2.9666","2.0091"
"89.2950","2.9699","2.0113"
"89.3950","2.9731","2.0147"
"89.4950","2.9765","2.0181"
"89.5210","2.9774","2.0191"

